1,불안정한 높이로 적재 금지
2,튼튼한 기반위에 적재
3,편하중이 생기지 않도록 할 것
4,적합한 헤드가드 설치
5,볼트 · 너트 풀림 방지
6,불안정한 높이로 적재 금지
7,튼튼한 기반위에 적재
8,편하중이 생기지 않도록 할 것
9,"보호구(안전모, 안전대, 안전화, 보안면, 절연용 보호구, 방열복, 방진마스크, 방한모·방한복·방한화·방한장갑) 지급 및 착용"
10,경사면 아래로 근로자 출입 제한
11,"구름멈춤대, 쐐기 등을 이용하여 중량물의 동요나 이동 조절"
12,작업구역 출입금지
13,작업지휘자 또는 유도자 유도에 따라 작업
14,"운전원 자격여부, 운전경력 파악"
15,작업전 특별교육 실시
16,작업구역 출입금지
17,작업지휘자 또는 유도자 유도에 따라 작업
18,관리감독자 점검(별표3의 작업에 대해)
19,관리감독자의 점검 및 이상조치
20,안전지주 또는 안전블록 사용
21,출입금지구역관리(안전지주 또는 안전블록 사용 시 예외)
22,근로자 출입제한
23,유도자 배치
24,"운전원 자격여부, 운전경력 파악"
25,작업전 특별교육 실시
26,권상기의 설치상태의 이상 유무
27,권상용 와이어로프 · 드럼 및 도르래의 부착상태의 이상 유무
28,권상장치의 브레이크 및 쐐기장치 기능의 이상 유무
29,버팀의 방법 및 고정상태의 이상 유무
30,본체 연결부의 풀림 또는 손상의 유무
31,"운전원 자격여부, 운전경력 파악"
32,작업전 특별교육 실시
33,권상기의 설치상태의 이상 유무
34,권상용 와이어로프 · 드럼 및 도르래의 부착상태의 이상 유무
35,권상장치의 브레이크 및 쐐기장치 기능의 이상 유무
36,버팀의 방법 및 고정상태의 이상 유무
37,본체 연결부의 풀림 또는 손상의 유무
38,권상기의 설치상태의 이상 유무
39,권상용 와이어로프 · 드럼 및 도르래의 부착상태의 이상 유무
40,권상장치의 브레이크 및 쐐기장치 기능의 이상 유무
41,버팀의 방법 및 고정상태의 이상 유무
42,본체 연결부의 풀림 또는 손상의 유무
43,권상기의 설치상태의 이상 유무
44,권상용 와이어로프 · 드럼 및 도르래의 부착상태의 이상 유무
45,권상장치의 브레이크 및 쐐기장치 기능의 이상 유무
46,버팀의 방법 및 고정상태의 이상 유무
47,본체 연결부의 풀림 또는 손상의 유무
48,잔토 제거시 하부 근로자 출입통제
49,천공기 스크류에 잔토 제거(장비자체 진동으로 제거)
50,갓길 붕괴 방지
51,도로 폭의 유지
52,유도자 배치
53,지반의 부동침하 방지
54,근로자 출입제한
55,유도자 배치
56,근로자 출입제한
57,유도자 배치
58,근로자 출입제한
59,유도자 배치
60,안전지주 또는 안전블록 사용
61,출입금지구역관리(안전지주 또는 안전블록 사용 시 예외)
62,"보호구(안전모, 안전대, 안전화, 보안면, 절연용 보호구, 방열복, 방진마스크, 방한모·방한복·방한화·방한장갑) 지급 및 착용"
63,경사면 아래로 근로자 출입 제한
64,"구름멈춤대, 쐐기 등을 이용하여 중량물의 동요나 이동 조절"
65,불안정한 높이로 적재 금지
66,튼튼한 기반위에 적재
67,편하중이 생기지 않도록 할 것
68,레일클램프(rail clamp) 및 쐐기 등으로 고정
69,말뚝 또는 쐐기 등을 사용하여 각부나 가대 고정
70,"버팀대는 3개 이상, 하단부분은 버팀 · 말뚝 또는 철골 등으로 고정"
71,"버팀줄을 3개 이상, 같은 간격으로 배치"
72,평형추의 이동 방지 위해 가대에 부착
73,권상기의 설치상태의 이상 유무
74,권상용 와이어로프 · 드럼 및 도르래의 부착상태의 이상 유무
75,권상장치의 브레이크 및 쐐기장치 기능의 이상 유무
76,버팀의 방법 및 고정상태의 이상 유무
77,본체 연결부의 풀림 또는 손상의 유무
78,권상기의 설치상태의 이상 유무
79,권상용 와이어로프 · 드럼 및 도르래의 부착상태의 이상 유무
80,권상장치의 브레이크 및 쐐기장치 기능의 이상 유무
81,버팀의 방법 및 고정상태의 이상 유무
82,본체 연결부의 풀림 또는 손상의 유무
83,안전지주 또는 안전블록 사용
84,"해머의 항타고, 항타강도 적정 유지"
85,"보호구(안전모, 안전대, 안전화, 보안면, 절연용 보호구, 방열복, 방진마스크, 방한모·방한복·방한화·방한장갑) 지급 및 착용"
86,갓길 붕괴 방지
87,도로 폭의 유지
88,유도자 배치
89,지반의 부동침하 방지
90,근로자 출입제한
91,유도자 배치
92,"보호구(안전모, 안전대, 안전화, 보안면, 절연용 보호구, 방열복, 방진마스크, 방한모·방한복·방한화·방한장갑) 지급 및 착용"
93,근로자 출입제한
94,유도자 배치
95,안전지주 또는 안전블록 사용상황 점검
96,작업순서 결정 및 지휘
97,작업지휘자 지정
98,높이 2m이상 안전대 부착설비 설치
99,안전대 및 부속설비 이상 유무 작업 전 점검
100,근로자 출입제한
101,유도자 배치
102,돌출된 철근에 찔림방지시설 설치(캡 설치)
103,갓길 붕괴 방지
104,도로 폭의 유지
105,유도자 배치
106,지반의 부동침하 방지
107,근로자 출입제한
108,유도자 배치
109,권상기의 설치상태의 이상 유무
110,권상용 와이어로프 · 드럼 및 도르래의 부착상태의 이상 유무
111,권상장치의 브레이크 및 쐐기장치 기능의 이상 유무
112,버팀의 방법 및 고정상태의 이상 유무
113,본체 연결부의 풀림 또는 손상의 유무
114,"보호구(안전모, 안전대, 안전화, 보안면, 절연용 보호구, 방열복, 방진마스크, 방한모·방한복·방한화·방한장갑) 지급 및 착용"
115,"근로자 배치 및 교육, 작업방법, 방호장치 등 미리 확인 후 위험방지 조치"
116,일정한 신호방법 및 신호자 지정
117,안전지주 또는 안전블록 사용
118,출입금지구역관리(안전지주 또는 안전블록 사용 시 예외)
119,"보호구(안전모, 안전대, 안전화, 보안면, 절연용 보호구, 방열복, 방진마스크, 방한모·방한복·방한화·방한장갑) 지급 및 착용"
120,파일 커터 장비 헤드커버 설치(철망 등 비래물에 의한 방호조치)
121,근로자 출입제한
122,유도자 배치
123,"보호구(안전모, 안전대, 안전화, 보안면, 절연용 보호구, 방열복, 방진마스크, 방한모·방한복·방한화·방한장갑) 지급 및 착용"
124,마대 · 가설대 사용 시 충분한 폭 및 강도와 적당한 경사 확보
125,발판 사용 시 견고하게 설치
126,평탄하고 견고한 장소에서 작업
127,경사면 아래로 근로자 출입 제한
128,"구름멈춤대, 쐐기 등을 이용하여 중량물의 동요나 이동 조절"
129,가설대 사용 시 충분한 폭 및 강도와 적당한 경사 확보
130,지정운전자 성명 · 연락처 표시
131,지정운전자 외 운전 금지
132,충분한 길이 · 폭 및 강도를 가진 발판 사용
133,평탄하고 견고한 장소에서 작업
134,마대 · 가설대 사용 시 충분한 폭 및 강도와 적당한 경사 확보
135,발판 사용 시 견고하게 설치
136,평탄하고 견고한 장소에서 작업
137,"근로자 배치 및 교육, 작업방법, 방호장치 등 미리 확인 후 위험방지 조치"
138,일정한 신호방법 및 신호자 지정
139,"운전원 자격여부, 운전경력 파악"
140,작업전 특별교육 실시
141,차량계 건설기계 전조등 설치
142,굴착면의 기울기 별표11 참조
143,"근로자 배치 및 교육, 작업방법, 방호장치 등 미리 확인 후 위험방지 조치"
144,일정한 신호방법 및 신호자 지정
145,굴착면의 기울기 별표11 참조
146,"보호구(안전모, 안전대, 안전화, 보안면, 절연용 보호구, 방열복, 방진마스크, 방한모·방한복·방한화·방한장갑) 지급 및 착용"
147,"관리감독자 작업 시작 전 작업장소 및 주변의 부석 · 균열유무, 함수 · 용수 및 동결상태 변화 점검"
148,"운전원 자격여부, 운전경력 파악"
149,작업전 특별교육 실시
150,근로자 출입제한
151,유도자 배치
152,안전방망 설치(근로자 안전대 착용)
153,작업발판 설치
154,높이 2m이상 안전대 부착설비 설치
155,안전대 및 부속설비 이상 유무 작업 전 점검
156,"근로자 배치 및 교육, 작업방법, 방호장치 등 미리 확인 후 위험방지 조치"
157,일정한 신호방법 및 신호자 지정
158,"보호구(안전모, 안전대, 안전화, 보안면, 절연용 보호구, 방열복, 방진마스크, 방한모·방한복·방한화·방한장갑) 지급 및 착용"
159,작업구역 출입금지
160,작업지휘자 또는 유도자 유도에 따라 작업
161,굴착면의 기울기 별표11 참조
162,"운전원 자격여부, 운전경력 파악"
163,작업전 특별교육 실시
164,근로자 출입제한
165,유도자 배치
166,안전방망 설치(근로자 안전대 착용)
167,작업발판 설치
168,높이 2m이상 안전대 부착설비 설치
169,안전대 및 부속설비 이상 유무 작업 전 점검
170,관리감독자 작업 지시
171,감전방지용 누전차단기 설치
172,"작업지휘자 지정, 작업 지휘"
173,갓길 붕괴 방지
174,도로 폭의 유지
175,유도자 배치
176,지반의 부동침하 방지
257,일정한 신호방법 및 신호자 지정
258,발끝막이판 설치
177,"보호구(안전모, 안전대, 안전화, 보안면, 절연용 보호구, 방열복, 방진마스크, 방한모·방한복·방한화·방한장갑) 지급 및 착용"
178,굴착면의 기울기 별표11 참조
179,"관리감독자 작업 시작 전 작업장소 및 주변의 부석 · 균열유무, 함수 · 용수 및 동결상태 변화 점검"
180,"관리감독자 작업 시작 전 작업장소 및 주변의 부석 · 균열유무, 함수 · 용수 및 동결상태 변화 점검"
181,굴착사면에 비닐 덮음
182,측구 설치
183,"근로자 배치 및 교육, 작업방법, 방호장치 등 미리 확인 후 위험방지 조치"
184,일정한 신호방법 및 신호자 지정
185,안전지주 또는 안전블록 사용
186,안전 통로 설치
187,장애물 제거
188,통로구획
189,안전방망 설치(근로자 안전대 착용)
190,작업발판 설치
191,부석의 제거
192,터널 지보공 및 록볼트의 설치
193,안전방망 설치(근로자 안전대 착용)
194,작업발판 설치
195,안전방망 설치(근로자 안전대 착용)
196,작업발판 설치
197,작업전 전기기계기구 등에 의한 누설여부를 측정하고 사용
198,화약고 보관
199,발파작업 금지사항 준수
200,발파작업 금지사항 준수
201,발파작업 금지사항 준수
202,발파작업 금지사항 준수
203,발파작업 금지사항 준수
204,방호한 피난장소 설치
205,안전한 장소로 대피
206,"화약류 관리 보안책임자는 화약류가 현장 도착부터 발파 완료시까지 현장에서 지휘, 감독"
207,"근로자 배치 및 교육, 작업방법, 방호장치 등 미리 확인 후 위험방지 조치"
208,일정한 신호방법 및 신호자 지정
209,인양로프는 2줄걸이로 체결하여 수평 인양
210,"근로자 배치 및 교육, 작업방법, 방호장치 등 미리 확인 후 위험방지 조치"
211,일정한 신호방법 및 신호자 지정
212,지반의 부동침하 방지
213,이동식 크레인 해지장치 사용
214,하중에 견딜 수 있는 받침대 사용
215,장비 사용 시 안전담당자 지정 및 배치
216,하중에 견딜 수 있는 아웃트리거 사용
217,양중기 과부하장치 조정
218,양중기 권과방지장치 조정
219,양중기 기타방호장치 조정
220,양중기 비상정지장치(제동장치) 조정
221,하중에 견딜 수 있는 충분한 강도의 받침대 사용
222,"근로자 배치 및 교육, 작업방법, 방호장치 등 미리 확인 후 위험방지 조치"
223,일정한 신호방법 및 신호자 지정
224,"근로자 배치 및 교육, 작업방법, 방호장치 등 미리 확인 후 위험방지 조치"
225,일정한 신호방법 및 신호자 지정
226,"보호구(안전모, 안전대, 안전화, 보안면, 절연용 보호구, 방열복, 방진마스크, 방한모·방한복·방한화·방한장갑) 지급 및 착용"
227,H-BEAM 교차부에 볼트 등을 누락없이 견고하게 체결
228,"H-BEAM 인양시 2줄걸이로 견고하게 결속, 수평으로 인양"
229,이동식 크레인 해지장치 사용
230,"이동식크레인, 자재 등 중량물은 흙막이에 인접하여 적재금지"
231,미리 조립도를 작성하여 그 조립도에 따라 조립
232,흙막이판 · 말뚝 · 버팀대 및 띠장 등 부재의 배치 · 치수 · 재질 및 설치방법과 순서 조립도에 명시
233,높이 2m이상 안전대 부착설비 설치
234,안전대 및 부속설비 이상 유무 작업 전 점검
235,관리감독자 점검(별표3의 작업에 대해)
236,관리감독자의 점검 및 이상조치
237,흙막이 보팀보 상에는 안전대 걸이용로프 설치
238,"자동전격방지기 설치(도전체에 둘러싸인 장소, 도전체 접촉우려가 있는 2미터 이상의 고소작업장, 습윤상태 작업장)"
239,한국산업표준에 적합 또는 이상의 절연내력 및 내열성을 갖춘 홀더 사용
240,"흙막이 버팀보 상에 낙하 위험성이 있는 자재, 공구 등 적재금지"
241,"보호구(안전모, 안전대, 안전화, 보안면, 절연용 보호구, 방열복, 방진마스크, 방한모·방한복·방한화·방한장갑) 지급 및 착용"
242,"근로자 배치 및 교육, 작업방법, 방호장치 등 미리 확인 후 위험방지 조치"
243,일정한 신호방법 및 신호자 지정
244,작업지휘자는 안전한 위치에서 작업지휘
245,"H-BEAM 인양시 2줄걸이로 견고하게 결속, 수평으로 인양"
246,"이동식크레인, 자재 등 량물은 복공판 상부에 적재시 구조 검토 실시"
247,꼬임이 끊어진 섬유로프 등의 사용 금지
248,"이동식크레인, 자재 등 중량물은 복공판 상부에 적재시 구조 검토 실시"
249,"근로자 배치 및 교육, 작업방법, 방호장치 등 미리 확인 후 위험방지 조치"
250,일정한 신호방법 및 신호자 지정
251,불안정한 높이로 적재 금지
252,튼튼한 기반위에 적재
253,편하중이 생기지 않도록 할 것
254,이동식크레인 후면부 등 충돌위험 부위에 접근금지 표지설치
255,해체된 자재 적치 시 받침목은 충분한 강도를 가질 것
256,"근로자 배치 및 교육, 작업방법, 방호장치 등 미리 확인 후 위험방지 조치"
259,안전난간 설치
260,높이 2m이상 안전대 부착설비 설치
261,안전대 및 부속설비 이상 유무 작업 전 점검
262,높이 2m이상 안전대 부착설비 설치
263,안전대 및 부속설비 이상 유무 작업 전 점검
264,신호수 등 작업 지휘자에 대한 교육 실시
265,"운전원 자격여부, 운전경력 파악"
266,길이가 긴 자재는 인양시 탈락되지 않도록 견고하게 결속
267,크레인 사용 전 점검 철저
268,크레인 제원 초과 사용 금지
269,소형 부속자재 인양시에는 인양박스 달포대 등을 사용하여 인양중 자재가 낙하하지 않도록 조치
270,"근로자 배치 및 교육, 작업방법, 방호장치 등 미리 확인 후 위험방지 조치"
271,일정한 신호방법 및 신호자 지정
272,꼬임이 끊어진 섬유로프 등의 사용 금지
273,"근로자 배치 및 교육, 작업방법, 방호장치 등 미리 확인 후 위험방지 조치"
274,일정한 신호방법 및 신호자 지정
275,"운전원 자격여부, 운전경력 파악"
276,인양 시 2줄걸이 시행
277,이동식 크레인 해지장치 사용
278,"이동식크레인 후면부에 접근금지 표지설치, 유도자 배치하여 안전한 작업유도"
279,안전지주 또는 안전블록 사용
280,출입금지구역관리(안전지주 또는 안전블록 사용 시 예외)
281,"근로자 배치 및 교육, 작업방법, 방호장치 등 미리 확인 후 위험방지 조치"
282,일정한 신호방법 및 신호자 지정
283,접근금지 조치
284,토질에 적합한 사면유지
285,갓길 붕괴 방지
286,유도자 배치
287,지반의 부동침하 방지
288,작업구역 출입금지
289,작업지휘자 또는 유도자 유도에 따라 작업
290,안전도 및 최대사용하중 준수
291,"운전원 자격여부, 운전경력 파악"
292,작업반경내 출입 제한 조치
293,"신호봉, 반사조끼 착용 후 신호 실시"
294,신호수/유도자 특별교육 시행
295,갓길 붕괴 방지
296,유도자 배치
297,지반의 부동침하 방지
298,일정한 신호방법 규정
299,"굴착법면, 복공판 단부 등에는 추락방지 휀스 설치"
300,운전자 유도자의 유도에 따라 운전
301,"보호구(안전모, 안전대, 안전화, 보안면, 절연용 보호구, 방열복, 방진마스크, 방한모·방한복·방한화·방한장갑) 지급 및 착용"
302,안전지주 또는 안전블록 사용상황 점검
303,작업순서 결정 및 지휘
304,작업지휘자 지정
305,근로자 출입제한
306,유도자 배치
307,굴착면의 기울기 별표11 참조
308,굴착사면에 비닐 덮음
309,측구 설치
310,작업장 정리정돈 및 청소
311,전도예방조치(고정)
312,후방 카메라 설치
313,"후진시 경고음, 경광등 설치"
314,"작업지휘자 지정, 작업 지휘"
315,"작업지휘자 지정, 작업 지휘"
316,일정한 신호방법 규정
317,안전방망 설치(근로자 안전대 착용)
318,작업발판 설치
319,"굴착법면, 복공판 단부 등에는 추락방지 휀스 설치"
320,안전 통로 설치
321,장애물 제거
322,통로구획
323,"보호구(안전모, 안전대, 안전화, 보안면, 절연용 보호구, 방열복, 방진마스크, 방한모·방한복·방한화·방한장갑) 지급 및 착용"
324,톱날접촉예방장치 설치
325,"관리감독자 작업 시작 전 작업장소 및 주변의 부석 · 균열유무, 함수 · 용수 및 동결상태 변화 점검"
326,꼬임이 끊어진 섬유로프 등의 사용 금지
327,관리감독자 점검(별표3의 작업에 대해)
328,관리감독자의 점검 및 이상조치
329,"근로자 배치 및 교육, 작업방법, 방호장치 등 미리 확인 후 위험방지 조치"
330,일정한 신호방법 및 신호자 지정
331,2줄걸이로 결속하여 수평으로 인양
332,이동식 크레인 해지장치 사용
333,"근로자 배치 및 교육, 작업방법, 방호장치 등 미리 확인 후 위험방지 조치"
334,일정한 신호방법 및 신호자 지정
335,관리감독자 점검(별표3의 작업에 대해)
336,관리감독자의 점검 및 이상조치
337,이중절연구조
338,"전기 기계 · 기구의 금속제 외함, 금속제 외피 및 철대 접지"
339,작업 반경내 출입제한 조치
340,"카고크레인 등 양중기 운전원의 자격유무, 경력 확인"
341,동바리 높이 조절용 핀은 전용핀 사용
342,"가조립된 보판, 슬라브판은 탈락되지 않도록 견고하게 고정"
343,거푸집 동바리는 높이 6m이상시 2단설치 금지 시스템 동바리 사용
344,이동식 크레인 해지장치 사용
345,구조 검토 후 조립도 작성 및 조립
346,부재의 재질 · 단면규격 · 설치간격 및 이음방법 등 명시
347,거푸집 동바리는 검정폼 사용 또는 가설 협회 등록 제품 사용
348,동바리는 정위치에서 이동되거나 전도되지 않도록 상하부 고정
349,동바리와 수평 연결재 연결부는 전용 클램프로 견고하게 결속
350,"보호구(안전모, 안전대, 안전화, 보안면, 절연용 보호구, 방열복, 방진마스크, 방한모·방한복·방한화·방한장갑) 지급 및 착용"
351,개구부 난간 등 설치
352,개구부 표시
353,안전방망 설치(근로자 안전대 착용)
354,안전방망 설치(근로자 안전대 착용)
355,작업발판 설치
356,안전방망 설치(근로자 안전대 착용)
357,작업발판 설치
358,안전방망 설치(근로자 안전대 착용)
359,작업발판 설치
360,"관리감독자 작업 시작 전 작업장소 및 주변의 부석 · 균열유무, 함수 · 용수 및 동결상태 변화 점검"
361,불안정한 높이로 적재 금지
362,튼튼한 기반위에 적재
363,편하중이 생기지 않도록 할 것
364,꼬임이 끊어진 섬유로프 등의 사용 금지
365,관계 근로자외 출입 금지
366,날씨가 몹시 나쁜 경우 작업 중지
367,버팀목 설치 및 거푸집동바리 등을 인양장비에 매단 후 작업
368,양중기로 철근 운반 시 두 군데 이상 묶어서 수평으로 운반
369,작업위치가 높이 2m이상일 경우 작업발판 설치 또는 안전대 착용
370,"재료, 기구 또는 공구 등을 올리거나 내리는 경우 달줄 · 달포대 등을 사용"
371,이동식 크레인 해지장치 사용
372,근로자 출입제한
373,유도자 배치
374,관리감독자 점검(별표3의 작업에 대해)
375,관리감독자의 점검 및 이상조치
376,"보호구(안전모, 안전대, 안전화, 보안면, 절연용 보호구, 방열복, 방진마스크, 방한모·방한복·방한화·방한장갑) 지급 및 착용"
377,관리감독자 점검(별표3의 작업에 대해)
378,관리감독자의 점검 및 이상조치
379,"높은 장소의 조립 작업시에는 사다리 사용 금지, 이동식비계 조립하여 사용"
380,갱폼 인양용 고리는 인양중 탈락되지 않도록 볼트 체결 또는 용접 철저
381,조립된 갱폼을 적재시에는 전도되지 않도록 눕혀서 적재하거나 전도방지조치 실시
382,작업반경내 근로자 출입통제
383,조립된 갱폼을 인양하여 정리시에는 갱폼의 갑작스런 요동을 방지하기 위하여 유도로프 사용
384,갱폼 프레임에 걸려 넘어지지 않도록 작업발판을 갱폼 프레임 위에 깔고 작업 실시
385,갱폼에 박리제 도포 후 박리제를 밟아 미끄러지지 않돌록 통제 조치
386,박리제 작업자 미끄럼방지용 안전화 착용
387,갱폼 프레임에 올라서서 조립작업 하지 않도록 관리 감독 철저
388,안전방망 설치(근로자 안전대 착용)
389,작업발판 설치
390,"보호구(안전모, 안전대, 안전화, 보안면, 절연용 보호구, 방열복, 방진마스크, 방한모·방한복·방한화·방한장갑) 지급 및 착용"
391,안전계수 기준 준수
392,최대허용하중 등의 표식
393,낙하물방지망
394,방호선반 설치
395,보호구 착용
396,출입금지구역 설정
397,거푸집 부재의 변형 여부와 연결 및 지지재의 이상 유무 확인
398,구조물 내부에서 갱폼 작업발판 출입가능한 이동통로 설치
399,근로자 출입 금지
400,조립 · 이동 · 양중 해체 범위 및 작업절차를 미리 근로자에게 주지
401,조립 · 해체 시 갱폼을 인양장비에 매단 후 작업 실시 및 인양장비에 매달기 전 지지 또는 고정철물 해체 금지
402,지지 또는 고정철물의 이상유뮤 수시점검 및 이상 발견 시 교체
403,갱폼 인양용 고리는 인양중 탈락되지 않도록 볼트 체결 또는 용접 철저
404,갱폼 인양시 2줄걸이로 체결하여 수직으로 인양
405,이동식 크레인 해지장치 사용
406,안전방망 설치(근로자 안전대 착용)
407,작업발판 설치
408,갱폼 통로 이용조치
409,"보호구(안전모, 안전대, 안전화, 보안면, 절연용 보호구, 방열복, 방진마스크, 방한모·방한복·방한화·방한장갑) 지급 및 착용"
410,관리감독자 점검(별표3의 작업에 대해)
411,관리감독자의 점검 및 이상조치
412,낙하물방지망
413,방호선반 설치
414,보호구 착용
415,출입금지구역 설정
416,2줄걸이로 결속하여 수평으로 인양
417,관리감독자 점검(별표3의 작업에 대해)
418,관리감독자의 점검 및 이상조치
419,변형된 훅·샤클 등 사용금지
420,이동식 크레인 해지장치 사용
421,거푸집 부재의 변형 여부와 연결 및 지지재의 이상 유무 확인
422,구조물 내부에서 갱폼 작업발판 출입가능한 이동통로 설치
423,근로자 출입 금지
424,조립 · 이동 · 양중 해체 범위 및 작업절차를 미리 근로자에게 주지
425,조립 · 해체 시 갱폼을 인양장비에 매단 후 작업 실시 및 인양장비에 매달기 전 지지 또는 고정철물 해체 금지
426,지지 또는 고정철물의 이상유뮤 수시점검 및 이상 발견 시 교체
427,거푸집 부재의 변형 여부와 연결 및 지지재의 이상 유무 확인
428,구조물 내부에서 갱폼 작업발판 출입가능한 이동통로 설치
429,근로자 출입 금지
430,조립 · 이동 · 양중 해체 범위 및 작업절차를 미리 근로자에게 주지
431,조립 · 해체 시 갱폼을 인양장비에 매단 후 작업 실시 및 인양장비에 매달기 전 지지 또는 고정철물 해체 금지
432,지지 또는 고정철물의 이상유뮤 수시점검 및 이상 발견 시 교체
433,관리감독자 점검(별표3의 작업에 대해)
434,관리감독자의 점검 및 이상조치
435,안전방망 설치(근로자 안전대 착용)
436,작업발판 설치
437,"보호구(안전모, 안전대, 안전화, 보안면, 절연용 보호구, 방열복, 방진마스크, 방한모·방한복·방한화·방한장갑) 지급 및 착용"
438,"궤도나 그밖에 관련 설비의 보수, 점검 작업 시 궤도작업차량 사용시 해당구간 열차운행관계자와 협의"
439,"사전조사 및 결과 기록, 보존 및 작업계획서 작성 및 작업"
440,작업계획서 근로자 주지
441,항타기/항발기 조립/해체/변동/이동 시 작업밥업과 절차 수립 및 근로자 주지
442,관계 근로자외 출입 금지
443,"기구, 공구 점검 및 불량품 제거"
444,"작업순서 및 작업방법 결정, 지휘"
445,섬유로프 등 점검 및 교체
446,강재 모서리와 슬링벨트 접촉부에 보호대 설치후 인양
447,2줄걸이로 결속하여 수평으로 인양
448,안전지주 또는 안전블록 사용
449,출입금지구역관리(안전지주 또는 안전블록 사용 시 예외)
450,안전지주 또는 안전블록 사용
451,출입금지구역관리(안전지주 또는 안전블록 사용 시 예외)
452,일단 정지 후 자재 상태 확인 및 유도로프 사용
453,받침목 및 적재 위치 조정
454,경사면 아래로 근로자 출입 제한
455,"구름멈춤대, 쐐기 등을 이용하여 중량물의 동요나 이동 조절"
456,"보호구(안전모, 안전대, 안전화, 보안면, 절연용 보호구, 방열복, 방진마스크, 방한모·방한복·방한화·방한장갑) 지급 및 착용"
457,"작업지휘자 지정, 작업 지휘"
458,관계 근로자외 출입 금지
459,"기구, 공구 점검 및 불량품 제거"
460,"작업순서 및 작업방법 결정, 지휘"
461,톱날접촉예방장치 설치
462,방호장치 해체 금지
463,낙하물방지망
464,방호선반 설치
465,보호구 착용
466,출입금지구역 설정
467,안전지주 또는 안전블록 사용
468,출입금지구역관리(안전지주 또는 안전블록 사용 시 예외)
469,높이 2m이상 안전대 부착설비 설치
470,안전대 및 부속설비 이상 유무 작업 전 점검
471,안전방망 설치(근로자 안전대 착용)
472,작업발판 설치
473,낙하물방지망
474,방호선반 설치
475,보호구 착용
476,출입금지구역 설정
477,"작업지휘자 지정, 작업 지휘"
478,2줄걸이로 결속하여 수평으로 인양
479,안전지주 또는 안전블록 사용
480,출입금지구역관리(안전지주 또는 안전블록 사용 시 예외)
481,안전지주 또는 안전블록 사용
482,출입금지구역관리(안전지주 또는 안전블록 사용 시 예외)
483,안전방망 설치(근로자 안전대 착용)
484,작업발판 설치
485,높이 2m이상 안전대 부착설비 설치
486,안전대 및 부속설비 이상 유무 작업 전 점검
487,비계 높이가 2m 이상인 작업장소 법적기준에 맞는 작업발판 설치
488,안전방망 설치(근로자 안전대 착용)
489,작업발판 설치
490,"바퀴의 고정(브레이크, 쐐기, 아웃트리거 설치)"
491,안전난간 설치
492,작업발판 최대적재하중 250kg 초과 금지
493,전조등 및 후미등 설치 또는 필요한 조명확보
494,불안정한 높이로 적재 금지
495,튼튼한 기반위에 적재
496,편하중이 생기지 않도록 할 것
497,관계 근로자외 출입 금지
498,"기구, 공구 점검 및 불량품 제거"
499,"작업순서 및 작업방법 결정, 지휘"
500,관리감독자 점검(별표3의 작업에 대해)
501,관리감독자의 점검 및 이상조치
502,차량계 건설기계 전조등 설치
503,작업구역 출입금지
504,작업지휘자 또는 유도자 유도에 따라 작업
505,"운전원 자격여부, 운전경력 파악"
506,작업전 특별교육 실시
507,"보호구(안전모, 안전대, 안전화, 보안면, 절연용 보호구, 방열복, 방진마스크, 방한모·방한복·방한화·방한장갑) 지급 및 착용"
508,"보호구(안전모, 안전대, 안전화, 보안면, 절연용 보호구, 방열복, 방진마스크, 방한모·방한복·방한화·방한장갑) 지급 및 착용"
509,불안정한 높이로 적재 금지
510,튼튼한 기반위에 적재
511,편하중이 생기지 않도록 할 것
512,이동식 크레인 해지장치 사용
513,관계 근로자외 출입 금지
514,"기구, 공구 점검 및 불량품 제거"
515,"작업순서 및 작업방법 결정, 지휘"
516,작업구역 출입금지
517,작업지휘자 또는 유도자 유도에 따라 작업
518,2줄걸이로 결속하여 수평으로 인양
519,이중절연구조
520,"전기 기계 · 기구의 금속제 외함, 금속제 외피 및 철대 접지"
521,안전지주 또는 안전블록 사용
522,출입금지구역관리(안전지주 또는 안전블록 사용 시 예외)
523,경사면 아래로 근로자 출입 제한
524,"구름멈춤대, 쐐기 등을 이용하여 중량물의 동요나 이동 조절"
525,불안정한 높이로 적재 금지
526,튼튼한 기반위에 적재
527,편하중이 생기지 않도록 할 것
528,"보호구(안전모, 안전대, 안전화, 보안면, 절연용 보호구, 방열복, 방진마스크, 방한모·방한복·방한화·방한장갑) 지급 및 착용"
529,"보호구(안전모, 안전대, 안전화, 보안면, 절연용 보호구, 방열복, 방진마스크, 방한모·방한복·방한화·방한장갑) 지급 및 착용"
530,안전지주 또는 안전블록 사용
531,"궤도나 그밖에 관련 설비의 보수, 점검 작업 시 궤도작업차량 사용시 해당구간 열차운행관계자와 협의"
532,"사전조사 및 결과 기록, 보존 및 작업계획서 작성 및 작업"
533,작업계획서 근로자 주지
534,항타기/항발기 조립/해체/변동/이동 시 작업밥업과 절차 수립 및 근로자 주지
535,작업구역 출입금지
536,작업지휘자 또는 유도자 유도에 따라 작업
537,"보호구(안전모, 안전대, 안전화, 보안면, 절연용 보호구, 방열복, 방진마스크, 방한모·방한복·방한화·방한장갑) 지급 및 착용"
538,안전난간 설치
539,작업 시작 전 콘크리트 펌프용 비계 점검
540,주변 전선에 의한 위험 예방 조치
541,콘크리트 펌프카 넘어짐 방지 조치
542,안전지주 또는 안전블록 사용
543,출입금지구역관리(안전지주 또는 안전블록 사용 시 예외)
544,작업자 안전운전절차 교육
545,건널다리 등 설치
546,안전덮개 등 설치
547,안전난간 설치
548,작업 시작 전 콘크리트 펌프용 비계 점검
549,주변 전선에 의한 위험 예방 조치
550,콘크리트 펌프카 넘어짐 방지 조치
551,압송관과 고압호스 연결 시 와이어로프로 고정
552,작업 전 사전점검
553,크레인 해지장치 사용
554,개구부 난간 등 설치
555,개구부 표시
556,안전방망 설치(근로자 안전대 착용)
557,감전방지용 누전차단기 설치
558,이중절연구조
559,"보호구(안전모, 안전대, 안전화, 보안면, 절연용 보호구, 방열복, 방진마스크, 방한모·방한복·방한화·방한장갑) 지급 및 착용"
560,안전 통로 설치
561,장애물 제거
562,통로구획
563,개구부 난간 등 설치
564,개구부 표시
565,안전방망 설치(근로자 안전대 착용)
566,감전방지용 누전차단기 설치
567,이중절연구조
568,송기마스크나 방독마스크 지급 착용
569,소화기 등 간이소화시설 비치 및 화재예방 조치
570,정기적인 화재예방점검
571,송기마스크나 방독마스크 지급 착용
572,산소농도 측정
573,"환기, 송기마스크 등 지급"
574,경사 지면에 차량 주차시 바퀴 부분에 구름 방지 장치 설치
575,불안정한 높이로 적재 금지
576,튼튼한 기반위에 적재
577,편하중이 생기지 않도록 할 것
578,철골 부재 인양시 수평 유지
579,"철골 부재의 인양고리 접합부 검사, 안전성 확인"
580,갓길 붕괴 방지
581,유도자 배치
582,지반의 부동침하 방지
583,하역역된 철골부재는 전도 위험이 없도록 깔목 조치
584,불안정한 높이로 적재 금지
585,튼튼한 기반위에 적재
586,편하중이 생기지 않도록 할 것
587,2줄걸이로 결속하여 수평으로 인양
588,운전자 시야확보
589,최대적재량 초과 금지
590,작업구역 출입금지
591,작업지휘자 또는 유도자 유도에 따라 작업
592,2줄걸이로 결속하여 수평으로 인양
593,꼬임이 끊어진 섬유로프 등의 사용 금지
594,안전지주 또는 안전블록 사용
595,출입금지구역관리(안전지주 또는 안전블록 사용 시 예외)
596,관리감독자 점검(별표3의 작업에 대해)
597,관리감독자의 점검 및 이상조치
598,"보호구(안전모, 안전대, 안전화, 보안면, 절연용 보호구, 방열복, 방진마스크, 방한모·방한복·방한화·방한장갑) 지급 및 착용"
599,가조립된 철골 부재의 도괴방지 와이어 설치
600,접합부를 견고하게 조립하기전 걸이용 로프 해체 금지
601,철골 부재의 접합부는 구조내력을 가질수 있도록 볼트 체결 철저
602,꼬임이 끊어진 섬유로프 등의 사용 금지
603,철골 조립도에 따른 안전작업절차를 준수하도록 관리감독 실시
604,이동식 크레인 해지장치 사용
605,철골 부재 인양시 2줄걸이 결속에 의한 수평 유지
606,철골 기둥에는 견고한 승강용 트랩설치
607,안전방망 설치(근로자 안전대 착용)
608,작업발판 설치
609,안전 통로 설치
610,장애물 제거
611,통로구획
612,철골 기둥에는 수직 승강용 안전대 걸이용 로프 설치
613,안전방망 설치(근로자 안전대 착용)
614,작업발판 설치
615,안전방망 설치(근로자 안전대 착용)
616,작업발판 설치
617,높이 2m이상 안전대 부착설비 설치
618,안전대 및 부속설비 이상 유무 작업 전 점검
619,피복절연조치 실시
620,중량물 과적재 금지
621,데크플레이트 설치후 가용접 철저히 실시
622,가설통로 설치
623,안전방망 설치(근로자 안전대 착용)
624,작업발판 설치
625,안전방망 설치(근로자 안전대 착용)
626,작업발판 설치
627,개구부가 발생하지 않도록 관리
628,"보호구(안전모, 안전대, 안전화, 보안면, 절연용 보호구, 방열복, 방진마스크, 방한모·방한복·방한화·방한장갑) 지급 및 착용"
629,이중절연구조
630,"전기 기계 · 기구의 금속제 외함, 금속제 외피 및 철대 접지"
631,소화설비 설치
632,불안정한 높이로 적재 금지
633,튼튼한 기반위에 적재
634,편하중이 생기지 않도록 할 것
635,섬유로프 등 점검 및 교체
636,작업장 정리정돈 및 청소
637,전도예방조치(고정)
638,백레스트 설치
639,갓길 붕괴 방지
640,유도자 배치
641,지반의 부동침하 방지
642,전조등 및 후미등 설치 또는 필요한 조명확보
643,리어카로 벽돌 운반 시 낙하 방지조치
644,리프트 탑승구 방호조치
645,안전 통로 설치
646,장애물 제거
647,통로구획
648,"보호구(안전모, 안전대, 안전화, 보안면, 절연용 보호구, 방열복, 방진마스크, 방한모·방한복·방한화·방한장갑) 지급 및 착용"
649,불안정한 높이로 적재 금지
650,튼튼한 기반위에 적재
651,편하중이 생기지 않도록 할 것
652,불안정한 높이로 적재 금지
653,튼튼한 기반위에 적재
654,편하중이 생기지 않도록 할 것
655,불안정한 높이로 적재 금지
656,튼튼한 기반위에 적재
657,편하중이 생기지 않도록 할 것
658,높이가 적합한 작업발판 설치
659,튼튼한 기반위에 말비계 설치
660,작업장 정리정돈 및 청소
661,안전방망 설치(근로자 안전대 착용)
662,작업발판 설치
663,개구부 난간 등 설치
664,개구부 표시
665,안전방망 설치(근로자 안전대 착용)
666,"바퀴의 고정(브레이크, 쐐기, 아웃트리거 설치)"
667,안전난간 설치
668,작업발판 최대적재하중 250kg 초과 금지
669,방호망이나 절연덮개 설치
670,폐쇄형 외함 구조
671,표지판 설치
672,이중절연구조
673,"전기 기계 · 기구의 금속제 외함, 금속제 외피 및 철대 접지"
674,감전방지용 누전차단기 설치
675,이중절연구조
676,"보호구(안전모, 안전대, 안전화, 보안면, 절연용 보호구, 방열복, 방진마스크, 방한모·방한복·방한화·방한장갑) 지급 및 착용"
677,이동식비계 각재 등 이질 재료와 연결하여 사용 금지
678,지주부재 하단 미끄럼 방지조치
679,비계 높이가 2m 이상인 작업장소 법적기준에 맞는 작업발판 설치
680,달비계 설치시 달기 강선/강대 심하게 손상/부식된 석 사용금지
681,"달비계 설치시 달비계에 안전대/구명줄 설치, 가능하면 안전난간 설치"
682,달비계 설치시 비계 보/작업발판 등에 버팀을 설치
683,달비계 설치시 선반비계의 보 접석부/교차부 철선/이음철물로 연결
684,달비계 설치시 손상된 달기 체인 사용금지
685,달비계 설치시 손상된 섬유로프/벨트 사용금지
686,달비계 설치시 손상된 와이어로프 사용금지
687,"달비계 설치시 와이어로프, 체인, 강선, 강대, 섬유로프는 풀리지 않게 설치"
688,달비계 설치시 작업발판 틈새없이 폭 40센치미터 이상
689,달비계 설치시 작업발판은 탈착되지 않게 연결해 설치
690,개구부 난간 등 설치
691,개구부 표시
692,안전방망 설치(근로자 안전대 착용)
693,방호망이나 절연덮개 설치
694,폐쇄형 외함 구조
695,표지판 설치
696,감전방지용 누전차단기 설치
697,이중절연구조
698,이중절연구조
699,"전기 기계 · 기구의 금속제 외함, 금속제 외피 및 철대 접지"
700,감전방지용 누전차단기 설치
701,이중절연구조
702,호흡용 보호구 지급 및 착용
789,전도예방조치(고정)
790,안전방망 설치(근로자 안전대 착용)
703,"보호구(안전모, 안전대, 안전화, 보안면, 절연용 보호구, 방열복, 방진마스크, 방한모·방한복·방한화·방한장갑) 지급 및 착용"
704,지주부재 하단 미끄럼 방지조치
705,리어카 탑승구 방호 울 설치
706,개구부 난간 등 설치
707,개구부 표시
708,안전방망 설치(근로자 안전대 착용)
709,"바퀴의 고정(브레이크, 쐐기, 아웃트리거 설치)"
710,안전난간 설치
711,작업발판 최대적재하중 250kg 초과 금지
712,사다리 2인 1조 작업
713,이동식 틀비계 사용
714,개구부 난간 등 설치
715,개구부 표시
716,안전방망 설치(근로자 안전대 착용)
717,높이 2m이상 안전대 부착설비 설치
718,안전대 및 부속설비 이상 유무 작업 전 점검
719,"보호구(안전모, 안전대, 안전화, 보안면, 절연용 보호구, 방열복, 방진마스크, 방한모·방한복·방한화·방한장갑) 지급 및 착용"
720,"보호구(안전모, 안전대, 안전화, 보안면, 절연용 보호구, 방열복, 방진마스크, 방한모·방한복·방한화·방한장갑) 지급 및 착용"
721,환기가 충분하지 않은 상태에서 전기기계/기구 작동 금지
722,불꽃/아크 발생하거나 고온이 될 화기/기계가구/공구 사용금지(NON SPARKING TOOL)
723,소화설비 설치
724,송기마스크나 방독마스크 지급 착용
725,"보호구(안전모, 안전대, 안전화, 보안면, 절연용 보호구, 방열복, 방진마스크, 방한모·방한복·방한화·방한장갑) 지급 및 착용"
726,하역운반기계·운반용구 사용
727,비계 높이가 2m 이상인 작업장소 법적기준에 맞는 작업발판 설치
728,석재 등 자재 인양시 낙하되지 않도록 결속 철저
729,안전계수 기준 준수
730,최대허용하중 등의 표식
731,2인1조 작업
732,일정한 신호방법 규정
733,갓길 붕괴 방지
734,유도자 배치
735,지반의 부동침하 방지
736,작업높이 조절
737,작업발판 설치
738,"보호구(안전모, 안전대, 안전화, 보안면, 절연용 보호구, 방열복, 방진마스크, 방한모·방한복·방한화·방한장갑) 지급 및 착용"
739,"바퀴의 고정(브레이크, 쐐기, 아웃트리거 설치)"
740,안전난간 설치
741,작업발판 최대적재하중 250kg 초과 금지
742,하역운반기계·운반용구 사용
743,비계 높이가 2m 이상인 작업장소 법적기준에 맞는 작업발판 설치
744,양중기 과부하장치 조정
745,양중기 권과방지장치 조정
746,양중기 기타방호장치 조정
747,양중기 비상정지장치(제동장치) 조정
748,적재하중 초과 금지
749,비계 높이가 2m 이상인 작업장소 법적기준에 맞는 작업발판 설치
750,비계 높이가 2m 이상인 작업장소 법적기준에 맞는 작업발판 설치
751,비계 높이가 2m 이상인 작업장소 법적기준에 맞는 작업발판 설치
752,이중절연구조
753,"전기 기계 · 기구의 금속제 외함, 금속제 외피 및 철대 접지"
754,감전방지용 누전차단기 설치
755,이중절연구조
756,"보호구(안전모, 안전대, 안전화, 보안면, 절연용 보호구, 방열복, 방진마스크, 방한모·방한복·방한화·방한장갑) 지급 및 착용"
757,안전방망 설치(근로자 안전대 착용)
758,작업발판 설치
759,높이 2m이상 안전대 부착설비 설치
760,안전대 및 부속설비 이상 유무 작업 전 점검
761,보안경 지급 착용
762,불침투성 보호복 · 보호장갑 · 보호장화 및 피부보호용 약품 사용
763,세척시설 설치
764,안전덮개 등 설치
765,높이 2m이상 안전대 부착설비 설치
766,안전대 및 부속설비 이상 유무 작업 전 점검
767,높이 2m이상 안전대 부착설비 설치
768,안전대 및 부속설비 이상 유무 작업 전 점검
769,높이 2m이상 안전대 부착설비 설치
770,안전대 및 부속설비 이상 유무 작업 전 점검
771,높이 2m이상 안전대 부착설비 설치
772,안전대 및 부속설비 이상 유무 작업 전 점검
773,높이 2m이상 안전대 부착설비 설치
774,안전대 및 부속설비 이상 유무 작업 전 점검
775,건널다리 등 설치
776,안전덮개 등 설치
777,감전방지용 누전차단기 설치
778,이중절연구조
779,관리대상 유해물질 명칭/인체에 미치는 영향/취급상 주의사항/착용할 보호구/응급조치와 긴급방재요령 게시(건강 및 환경유해성 분류기준에 따라 유사한 물질별로 분류해 게시 가능) 또는 작업공정별 관리요령 게시
780,근로자에게 유해성의 통보
781,송기마스크나 방독마스크 지급 착용
782,"가열, 마찰, 충격, 증발, 압축, 주입, 접촉 방치 금지"
783,점화원 제거
784,폭발 · 화재 및 누출 방호조치
785,불꽃/아크 발생하거나 고온이 될 화기/기계가구/공구 사용금지(NON SPARKING TOOL)
786,환기 실시
787,작업면 조도확보
788,작업장 정리정돈 및 청소
791,작업발판 설치
792,개구부 난간 등 설치
793,개구부 표시
794,안전방망 설치(근로자 안전대 착용)
795,높이 2m이상 안전대 부착설비 설치
796,안전대 및 부속설비 이상 유무 작업 전 점검
797,발끝막이판 설치
798,안전난간 설치
799,조작반에 참금장치 설치
800,"리프트 권과방지장치, 과부하방지장치, 비상정지장치 등 설치"
801,붕괴 방지 조치
802,순간풍속 초당 35m 초과 시 추가 붕괴 방지 조치
803,높이 2m이상 안전대 부착설비 설치
804,안전대 및 부속설비 이상 유무 작업 전 점검
805,높이 2m이상 안전대 부착설비 설치
806,안전대 및 부속설비 이상 유무 작업 전 점검
807,높이 2m이상 안전대 부착설비 설치
808,안전대 및 부속설비 이상 유무 작업 전 점검
809,안전방망 설치(근로자 안전대 착용)
810,작업발판 설치
811,높이 2m이상 안전대 부착설비 설치
812,안전대 및 부속설비 이상 유무 작업 전 점검
813,숫돌측면 사용 금지
814,안전덮개 등 설치
815,편하중 적재 금지
816,화물에 낙하 방지 조치
817,하역운반기계·운반용구 사용
818,불안정한 높이로 적재 금지
819,튼튼한 기반위에 적재
820,편하중이 생기지 않도록 할 것
821,안전 통로 설치
822,장애물 제거
823,통로구획
824,불안정한 높이로 적재 금지
825,튼튼한 기반위에 적재
826,편하중이 생기지 않도록 할 것
827,"보호구(안전모, 안전대, 안전화, 보안면, 절연용 보호구, 방열복, 방진마스크, 방한모·방한복·방한화·방한장갑) 지급 및 착용"
828,화기취급금지
829,불티 비산 방지용 덮개 설치
830,근골격계에 부담을 주지 않도록 조치
831,보조도구 활용
832,작업장 주변 안내 표시
833,작업자세 주지
834,비계 높이가 2m 이상인 작업장소 법적기준에 맞는 작업발판 설치
835,지주부재 하단 미끄럼 방지조치
836,"바퀴의 고정(브레이크, 쐐기, 아웃트리거 설치)"
837,안전난간 설치
838,작업발판 최대적재하중 250kg 초과 금지
839,"자동전격방지기 설치(도전체에 둘러싸인 장소, 도전체 접촉우려가 있는 2미터 이상의 고소작업장, 습윤상태 작업장)"
840,한국산업표준에 적합 또는 이상의 절연내력 및 내열성을 갖춘 홀더 사용
841,감전방지용 누전차단기 설치
842,이중절연구조
843,"보호구(안전모, 안전대, 안전화, 보안면, 절연용 보호구, 방열복, 방진마스크, 방한모·방한복·방한화·방한장갑) 지급 및 착용"
844,불티 비산 방지용 덮개 설치
845,인화성 물질과 격리 조치
846,숫돌측면 사용 금지
847,안전덮개 등 설치
848,고소작업대 사용 기준 준수
849,고소작업대 설치 기준 준수
850,고소작업대 설치 사항 준수
851,고소작업대 이동 사항 준수
852,2줄걸이로 결속하여 수평으로 인양
853,양중기 과부하장치 조정
854,양중기 권과방지장치 조정
855,양중기 기타방호장치 조정
856,양중기 비상정지장치(제동장치) 조정
857,적재하중 초과 금지
858,작업구역 출입금지
859,작업지휘자 또는 유도자 유도에 따라 작업
860,갓길 붕괴 방지
861,유도자 배치
862,지반의 부동침하 방지
863,작업장 정리정돈 및 청소
864,전도예방조치(고정)
865,관계 근로자외 출입 금지
866,"기구, 공구 점검 및 불량품 제거"
867,"작업순서 및 작업방법 결정, 지휘"
868,일정한 신호방법 규정
869,관리감독 철저
870,근로자 안전교육
871,2인1조 작업
872,압축기 사전 점검 철저
873,압축기의 최대허용중량 준수
874,낙하물방지망
875,방호선반 설치
876,보호구 착용
877,출입금지구역 설정
878,안전방망 설치(근로자 안전대 착용)
879,작업발판 설치
880,높이 2m이상 안전대 부착설비 설치
881,안전대 및 부속설비 이상 유무 작업 전 점검
882,달비계 설치시 달기 강선/강대 심하게 손상/부식된 석 사용금지
883,"달비계 설치시 달비계에 안전대/구명줄 설치, 가능하면 안전난간 설치"
884,달비계 설치시 비계 보/작업발판 등에 버팀을 설치
885,달비계 설치시 선반비계의 보 접석부/교차부 철선/이음철물로 연결
886,달비계 설치시 손상된 달기 체인 사용금지
887,달비계 설치시 손상된 섬유로프/벨트 사용금지
888,달비계 설치시 손상된 와이어로프 사용금지
889,"달비계 설치시 와이어로프, 체인, 강선, 강대, 섬유로프는 풀리지 않게 설치"
890,달비계 설치시 작업발판 틈새없이 폭 40센치미터 이상
891,달비계 설치시 작업발판은 탈착되지 않게 연결해 설치
892,비계 높이가 2m 이상인 작업장소 법적기준에 맞는 작업발판 설치
893,안전방망 설치(근로자 안전대 착용)
894,작업발판 설치
895,작업구역 출입금지
896,작업지휘자 또는 유도자 유도에 따라 작업
897,리프트 출입문은 항상 당혀진 상태로 관리 철저
898,주행로 위에 리프트 운반구 정지 금지
899,개구부 난간 등 설치
900,개구부 표시
901,안전방망 설치(근로자 안전대 착용)
902,관계 근로자외 출입 금지
903,"기구, 공구 점검 및 불량품 제거"
904,"작업순서 및 작업방법 결정, 지휘"
905,하역운반기계·운반용구 사용
906,근골격계에 부담을 주지 않도록 조치
907,작업자세 주지
908,"보호구(안전모, 안전대, 안전화, 보안면, 절연용 보호구, 방열복, 방진마스크, 방한모·방한복·방한화·방한장갑) 지급 및 착용"
909,톱날접촉예방장치 설치
910,날접촉예방장치 또는 덮개 설치
911,건널다리 등 설치
912,안전덮개 등 설치
913,지주부재 하단 미끄럼 방지조치
914,"바퀴의 고정(브레이크, 쐐기, 아웃트리거 설치)"
915,안전난간 설치
916,작업발판 최대적재하중 250kg 초과 금지
917,도전성 공구 · 장비 등 노출 충전부에 닿지 않도록 취급 및 사용
918,도전성 재질의 사다리 사용
919,전기기계 · 기구의 안전 증명 전까지 과전류 차단장치 재투입 금지
920,"전기회로 개방, 변환 또는 투입시 전기 차단용 스위치, 차단기 등 사용"
921,젖은 손으로 전기기계 · 기구 플러그 접촉 금지
922,"보호구(안전모, 안전대, 안전화, 보안면, 절연용 보호구, 방열복, 방진마스크, 방한모·방한복·방한화·방한장갑) 지급 및 착용"
923,소화기구 비치
924,용접방화포 등 비산방지조치
925,위험물현황파악
926,작업 시 통풍/환기를 위해 산소사용 금지
927,작업절차수립
928,충분한 환기
929,피난교육 등 비상조치
930,비정상작업에 대한 교육 실시
931,잠금장치 부착
932,표지판 설치
933,"작업지휘자 지정, 작업 지휘"
934,인양로프는 2줄걸이로 체결하여 수평 인양
935,이동식 크레인 해지장치 사용
936,"근로자 배치 및 교육, 작업방법, 방호장치 등 미리 확인 후 위험방지 조치"
937,일정한 신호방법 및 신호자 지정
938,섬유로프 등 점검 및 교체
939,불안정한 높이로 적재 금지
940,튼튼한 기반위에 적재
941,편하중이 생기지 않도록 할 것
942,"보호구(안전모, 안전대, 안전화, 보안면, 절연용 보호구, 방열복, 방진마스크, 방한모·방한복·방한화·방한장갑) 지급 및 착용"
943,안전방망 설치(근로자 안전대 착용)
944,작업발판 설치
945,안전방망 설치(근로자 안전대 착용)
946,작업발판 설치
947,양중기 과부하장치 조정
948,양중기 권과방지장치 조정
949,양중기 기타방호장치 조정
950,양중기 비상정지장치(제동장치) 조정
951,변형된 훅·샤클 등 사용금지
952,"근로자 배치 및 교육, 작업방법, 방호장치 등 미리 확인 후 위험방지 조치"
953,일정한 신호방법 및 신호자 지정
954,높이 2m이상 안전대 부착설비 설치
955,안전대 및 부속설비 이상 유무 작업 전 점검
956,발끝막이판 설치
957,안전난간 설치
958,높이 2m이상 안전대 부착설비 설치
959,안전대 및 부속설비 이상 유무 작업 전 점검
960,"작업지휘자 지정, 작업 지휘"
961,"보호구(안전모, 안전대, 안전화, 보안면, 절연용 보호구, 방열복, 방진마스크, 방한모·방한복·방한화·방한장갑) 지급 및 착용"
962,"보호구(안전모, 안전대, 안전화, 보안면, 절연용 보호구, 방열복, 방진마스크, 방한모·방한복·방한화·방한장갑) 지급 및 착용"
963,인양박스등을 이용하여 양중
964,작업시작전 연결부 체결상태 확인
965,이동식 크레인 해지장치 사용
966,섬유로프 등 점검 및 교체
967,작업구역 출입금지
968,작업지휘자 또는 유도자 유도에 따라 작업
969,2줄걸이로 결속하여 수평으로 인양
970,"작업지휘자 지정, 작업 지휘"
971,근골격계에 부담을 주지 않도록 조치
972,보조도구 활용
973,작업장 주변 안내 표시
974,계단실 등 경사로 등에 말비계 사용 금지
975,평탄하고 견고한 지반에 설치
976,지주부재 하단 미끄럼 방지조치
977,"작업지휘자 지정, 작업 지휘"
978,안전방망 설치(근로자 안전대 착용)
979,작업발판 설치
980,사다리 사용시 2인 1조 작업
981,이동식 비계 사용
982,"바퀴의 고정(브레이크, 쐐기, 아웃트리거 설치)"
983,안전난간 설치
984,작업발판 최대적재하중 250kg 초과 금지
985,비계 높이가 2m 이상인 작업장소 법적기준에 맞는 작업발판 설치
986,비계 높이가 2m 이상인 작업장소 법적기준에 맞는 작업발판 설치
987,"보호구(안전모, 안전대, 안전화, 보안면, 절연용 보호구, 방열복, 방진마스크, 방한모·방한복·방한화·방한장갑) 지급 및 착용"
988,작업구간 출입통제 철저
989,작업절차에 따라 작업
990,섬유로프 등 점검 및 교체
991,불가피하게 사다리 사용시 2인1조 작업
992,사다리 사용 지양
993,이동식 틀비계 사용
994,방호망이나 절연덮개 설치
995,폐쇄형 외함 구조
996,표지판 설치
997,사용 전 흠/균열/파손/ 기타 손상유무를 확인 시 즉시 조치
998,"적합한 절연용 보호구 ,절연용 방호구, 활선작업용 기구, 활선작업용 장치 사용"
999,정기적인 성능확인
1000,방호망이나 절연덮개 설치
1001,폐쇄형 외함 구조
1002,표지판 설치
1003,방호망이나 절연덮개 설치
1004,폐쇄형 외함 구조
1005,표지판 설치
1006,사용 전 흠/균열/파손/ 기타 손상유무를 확인 시 즉시 조치
1007,"적합한 절연용 보호구 ,절연용 방호구, 활선작업용 기구, 활선작업용 장치 사용"
1008,정기적인 성능확인
1009,"가열, 마찰, 충격, 증발, 압축, 주입, 접촉 방치 금지"
1010,점화원 제거
1011,폭발 · 화재 및 누출 방호조치
1012,"가열, 마찰, 충격, 증발, 압축, 주입, 접촉 방치 금지"
1013,점화원 제거
1014,폭발 · 화재 및 누출 방호조치
1015,사용 전 흠/균열/파손/ 기타 손상유무를 확인 시 즉시 조치
1016,"적합한 절연용 보호구 ,절연용 방호구, 활선작업용 기구, 활선작업용 장치 사용"
1017,정기적인 성능확인
1018,도전성 공구 · 장비 등 노출 충전부에 닿지 않도록 취급 및 사용
1019,도전성 재질의 사다리 사용
1020,전기기계 · 기구의 안전 증명 전까지 과전류 차단장치 재투입 금지
1021,"전기회로 개방, 변환 또는 투입시 전기 차단용 스위치, 차단기 등 사용"
1022,젖은 손으로 전기기계 · 기구 플러그 접촉 금지
1023,유자격자 전로인근 작업 시 접근한계거리 준수
1024,일반 근로자 전로주변 고소작업 시 접근한계거리 지정 및 준수
1025,작업구역 접근금지 방책설치 또는 감시인 배치
1026,적합한 절연용 보호구 착용
1027,전로와 직/간접 접촉 금지
1028,전로차단/전원공급 절차준수
1029,절연용 방호구 설치/해체 시 활선작업용 기구 및 장치 사용
1030,해당전압에 적합한 절연용 방호구 설치(저압인 경우 절연용 보호구만 착용가능)
1031,유자격자 전로인근 작업 시 접근한계거리 준수
1032,일반 근로자 전로주변 고소작업 시 접근한계거리 지정 및 준수
1033,작업구역 접근금지 방책설치 또는 감시인 배치
1034,적합한 절연용 보호구 착용
1035,전로와 직/간접 접촉 금지
1036,전로차단/전원공급 절차준수
1037,절연용 방호구 설치/해체 시 활선작업용 기구 및 장치 사용
1038,해당전압에 적합한 절연용 방호구 설치(저압인 경우 절연용 보호구만 착용가능)
1039,유자격자 전로인근 작업 시 접근한계거리 준수
1040,일반 근로자 전로주변 고소작업 시 접근한계거리 지정 및 준수
1041,작업구역 접근금지 방책설치 또는 감시인 배치
1042,적합한 절연용 보호구 착용
1043,전로와 직/간접 접촉 금지
1044,전로차단/전원공급 절차준수
1045,절연용 방호구 설치/해체 시 활선작업용 기구 및 장치 사용
1046,해당전압에 적합한 절연용 방호구 설치(저압인 경우 절연용 보호구만 착용가능)
1047,관리감독자 점검(별표3의 작업에 대해)
1048,관리감독자의 점검 및 이상조치
1049,관계 근로자외 출입 금지
1050,"기구, 공구 점검 및 불량품 제거"
1051,"작업순서 및 작업방법 결정, 지휘"
1052,불안정한 높이로 적재 금지
1053,튼튼한 기반위에 적재
1054,편하중이 생기지 않도록 할 것
1055,적합한 팔레트 또는 스키드 사용
1056,작업구역 출입금지
1057,작업지휘자 또는 유도자 유도에 따라 작업
1058,"운전원 자격여부, 운전경력 파악"
1059,작업전 특별교육 실시
1060,작업구역 출입금지
1061,작업지휘자 또는 유도자 유도에 따라 작업
1062,하역운반기계·운반용구 사용
1063,안전지주 또는 안전블록 사용
1064,출입금지구역관리(안전지주 또는 안전블록 사용 시 예외)
1065,"보호구(안전모, 안전대, 안전화, 보안면, 절연용 보호구, 방열복, 방진마스크, 방한모·방한복·방한화·방한장갑) 지급 및 착용"
1066,하역운반기계·운반용구 사용
1067,변형된 훅·샤클 등 사용금지
1068,작업장 정리정돈 및 청소
1069,전도예방조치(고정)
1070,"사다리 사용 지양, 불가피하게 사용 시 2인 1조 작업"
1071,이동식비계 설치
1072,안전방망 설치(근로자 안전대 착용)
1073,작업발판 설치
1074,높이 2m이상 안전대 부착설비 설치
1075,안전대 및 부속설비 이상 유무 작업 전 점검
1076,소화기구 비치
1077,용접방화포 등 비산방지조치
1078,위험물현황파악
1079,작업 시 통풍/환기를 위해 산소사용 금지
1080,작업절차수립
1081,충분한 환기
1082,피난교육 등 비상조치
1083,소화기구 비치
1084,용접방화포 등 비산방지조치
1085,위험물현황파악
1086,작업 시 통풍/환기를 위해 산소사용 금지
1087,작업절차수립
1088,충분한 환기
1089,피난교육 등 비상조치
1090,"보호구(안전모, 안전대, 안전화, 보안면, 절연용 보호구, 방열복, 방진마스크, 방한모·방한복·방한화·방한장갑) 지급 및 착용"
1091,관계 근로자외 출입 금지 및 표시
1092,기상상태 불안정할 경우 작업 중지
1093,작업지휘자 지정
1094,양중기 과부하장치 조정
1095,양중기 권과방지장치 조정
1096,양중기 기타방호장치 조정
1097,양중기 비상정지장치(제동장치) 조정
1098,하역운반기계·운반용구 사용
1099,안전계수 기준 준수
1100,최대허용하중 등의 표식
1101,작업장 정리정돈 및 청소
1102,전도예방조치(고정)
1103,안전방망 설치(근로자 안전대 착용)
1104,작업발판 설치
1105,"보호구(안전모, 안전대, 안전화, 보안면, 절연용 보호구, 방열복, 방진마스크, 방한모·방한복·방한화·방한장갑) 지급 및 착용"
1106,"작업지휘자 지정, 작업 지휘"
1107,"보호구(안전모, 안전대, 안전화, 보안면, 절연용 보호구, 방열복, 방진마스크, 방한모·방한복·방한화·방한장갑) 지급 및 착용"
1108,작업장 정리정돈 및 청소
1109,전도예방조치(고정)
1110,안전방망 설치(근로자 안전대 착용)
1111,작업발판 설치
1112,"작업지휘자 지정, 작업 지휘"
1113,개구부 난간 등 설치
1114,개구부 표시
1115,안전방망 설치(근로자 안전대 착용)
1116,비계 높이가 2m 이상인 작업장소 법적기준에 맞는 작업발판 설치
1117,발끝막이판 설치
1118,안전난간 설치
1119,"작업지휘자 지정, 작업 지휘"
1120,발끝막이판 설치
1121,안전난간 설치
1122,"작업지휘자 지정, 작업 지휘"
1123,작업장 정리정돈 및 청소
1124,전도예방조치(고정)
1125,발끝막이판 설치
1126,안전난간 설치
1127,발끝막이판 설치
1128,안전난간 설치
1129,비계 높이가 2m 이상인 작업장소 법적기준에 맞는 작업발판 설치
1130,"보호구(안전모, 안전대, 안전화, 보안면, 절연용 보호구, 방열복, 방진마스크, 방한모·방한복·방한화·방한장갑) 지급 및 착용"
1131,"근로자 배치 및 교육, 작업방법, 방호장치 등 미리 확인 후 위험방지 조치"
1132,일정한 신호방법 및 신호자 지정
1133,"운전원 자격여부, 운전경력 파악"
1134,작업전 특별교육 실시
1135,굴착법면 상부에 적재 금지
1136,관리감독자 해당 작업 지휘
1137,해당 건설물 보강 또는 이설
1138,해당 매설물 방호조치 또는 이설
1139,"작업지휘자 지정, 작업 지휘"
1140,근로자 출입제한
1141,유도자 배치
1142,작업장 정리정돈 및 청소
1143,전도예방조치(고정)
1144,개구부 난간 등 설치
1145,개구부 표시
1146,안전방망 설치(근로자 안전대 착용)
1147,"보호구(안전모, 안전대, 안전화, 보안면, 절연용 보호구, 방열복, 방진마스크, 방한모·방한복·방한화·방한장갑) 지급 및 착용"
1148,하역운반기계·운반용구 사용
1149,"근로자 배치 및 교육, 작업방법, 방호장치 등 미리 확인 후 위험방지 조치"
1150,일정한 신호방법 및 신호자 지정
1151,굴착법면 상부에 적재 금지
1152,빗물이나 지하수 등 배제
1153,"옹벽, 흙막이 지보공 등 설치"
1154,지보공 설치 및 부석 제거
1155,굴착면의 기울기 별표11 참조
1156,섬유로프 등 점검 및 교체
1157,굴삭기 용도 외 사용 금지 조치
1158,작업시작전 연결부 체결상태 확인
1159,"운전원 자격여부, 운전경력 파악"
1160,작업전 특별교육 실시
1161,작업구역 출입금지
1162,작업지휘자 또는 유도자 유도에 따라 작업
1163,"보호구(안전모, 안전대, 안전화, 보안면, 절연용 보호구, 방열복, 방진마스크, 방한모·방한복·방한화·방한장갑) 지급 및 착용"
1164,"보호구(안전모, 안전대, 안전화, 보안면, 절연용 보호구, 방열복, 방진마스크, 방한모·방한복·방한화·방한장갑) 지급 및 착용"
1165,빗물이나 지하수 등 배제
1166,"옹벽, 흙막이 지보공 등 설치"
1167,지보공 설치 및 부석 제거
1168,굴착면의 기울기 별표11 참조
1169,철근 도괴 방지조치 시설 설치
1170,전조등 및 후미등 설치 또는 필요한 조명확보
1171,관리감독자 점검(별표3의 작업에 대해)
1172,관리감독자의 점검 및 이상조치
1173,비계 높이가 2m 이상인 작업장소 법적기준에 맞는 작업발판 설치
1174,안전방망 설치(근로자 안전대 착용)
1175,작업발판 설치
1176,높이 2m이상 안전대 부착설비 설치
1177,안전대 및 부속설비 이상 유무 작업 전 점검
1178,근로자 출입제한
1179,유도자 배치
1180,"보호구(안전모, 안전대, 안전화, 보안면, 절연용 보호구, 방열복, 방진마스크, 방한모·방한복·방한화·방한장갑) 지급 및 착용"
1181,차량계 건설기계 전조등 설치
1182,근로자 출입제한
1183,유도자 배치
1184,"로울러 운전원의 자격 유무, 경력 사전확인"
1185,특별교육 실시
1186,작업장 정리정돈 및 청소
1187,전도예방조치(고정)
1188,"보호구(안전모, 안전대, 안전화, 보안면, 절연용 보호구, 방열복, 방진마스크, 방한모·방한복·방한화·방한장갑) 지급 및 착용"
1189,빗물이나 지하수 등 배제
1190,"옹벽, 흙막이 지보공 등 설치"
1191,지보공 설치 및 부석 제거
1192,굴착면의 기울기 별표11 참조
1193,철근 도괴 방지 조치
1194,전조등 및 후미등 설치 또는 필요한 조명확보
1195,관리감독자 점검(별표3의 작업에 대해)
1196,관리감독자의 점검 및 이상조치
1197,비계 높이가 2m 이상인 작업장소 법적기준에 맞는 작업발판 설치
1198,안전방망 설치(근로자 안전대 착용)
1199,작업발판 설치
1200,높이 2m이상 안전대 부착설비 설치
1201,안전대 및 부속설비 이상 유무 작업 전 점검
1202,근로자 출입제한
1203,유도자 배치
1204,"보호구(안전모, 안전대, 안전화, 보안면, 절연용 보호구, 방열복, 방진마스크, 방한모·방한복·방한화·방한장갑) 지급 및 착용"
1205,차량계 건설기계 전조등 설치
1206,근로자 출입제한
1207,유도자 배치
1208,"운전원 자격여부, 운전경력 파악"
1209,작업장 정리정돈 및 청소
1210,전도예방조치(고정)
1211,"로프등으로 전도되는 방향유도, 버팀대등을 설치"
1212,"벌목장비 시용시 후면에 경광등 설치, 후진 경보음, 후방카메라 설치"
1213,"보호구(안전모, 안전대, 안전화, 보안면, 절연용 보호구, 방열복, 방진마스크, 방한모·방한복·방한화·방한장갑) 지급 및 착용"
1214,톱날접촉예방장치 설치
1215,"근로자 배치 및 교육, 작업방법, 방호장치 등 미리 확인 후 위험방지 조치"
1216,일정한 신호방법 및 신호자 지정
1217,벌목한 나무의 야적시 적정 높이 유지
1218,"운전원 자격여부, 운전경력 파악"
1219,일정한 신호방법 규정하여 근로자 주지
1220,굴착면의 기울기 별표11 참조
1221,빗물이나 지하수 등 배제
1222,"옹벽, 흙막이 지보공 등 설치"
1223,지보공 설치 및 부석 제거
1224,차량계 건설기계의 법면 단부에서 이격시키는 등 전도 방지조치
1225,"운전원 자격여부, 운전경력 파악"
1226,"보호구(안전모, 안전대, 안전화, 보안면, 절연용 보호구, 방열복, 방진마스크, 방한모·방한복·방한화·방한장갑) 지급 및 착용"
1227,"보호구(안전모, 안전대, 안전화, 보안면, 절연용 보호구, 방열복, 방진마스크, 방한모·방한복·방한화·방한장갑) 지급 및 착용"
1228,발끝막이판 설치
1229,안전난간 설치
1230,"보호구(안전모, 안전대, 안전화, 보안면, 절연용 보호구, 방열복, 방진마스크, 방한모·방한복·방한화·방한장갑) 지급 및 착용"
1231,관리감독자 점검(별표3의 작업에 대해)
1232,관리감독자의 점검 및 이상조치
1233,"근로자 배치 및 교육, 작업방법, 방호장치 등 미리 확인 후 위험방지 조치"
1234,일정한 신호방법 및 신호자 지정
1235,빗물이나 지하수 등 배제
1236,"옹벽, 흙막이 지보공 등 설치"
1237,지보공 설치 및 부석 제거
1238,굴착면의 기울기 별표11 참조
1239,"운전원 자격여부, 운전경력 파악"
1240,작업장 정리정돈 및 청소
1241,전도예방조치(고정)
1242,발끝막이판 설치
1243,안전난간 설치
1244,발끝막이판 설치
1245,안전난간 설치
1246,"보호구(안전모, 안전대, 안전화, 보안면, 절연용 보호구, 방열복, 방진마스크, 방한모·방한복·방한화·방한장갑) 지급 및 착용"
1247,굴착법면 상부에 적재 금지
1248,지장물 보강재 견고한 것 사용
1249,별도 구조 보강후 가시설물 해체
1250,작업장 정리정돈 및 청소
1251,전도예방조치(고정)
1252,안전방망 설치(근로자 안전대 착용)
1253,작업발판 설치
1254,높이 2m이상 안전대 부착설비 설치
1255,안전대 및 부속설비 이상 유무 작업 전 점검
1256,안전방망 설치(근로자 안전대 착용)
1257,작업발판 설치
1258,권상기의 설치상태의 이상 유무
1259,권상용 와이어로프 · 드럼 및 도르래의 부착상태의 이상 유무
1260,권상장치의 브레이크 및 쐐기장치 기능의 이상 유무
1261,버팀의 방법 및 고정상태의 이상 유무
1262,본체 연결부의 풀림 또는 손상의 유무
1263,"보호구(안전모, 안전대, 안전화, 보안면, 절연용 보호구, 방열복, 방진마스크, 방한모·방한복·방한화·방한장갑) 지급 및 착용"
1264,부석 사전 제거
1265,굴착면의 기울기 별표11 참조
1266,"운전원 자격여부, 운전경력 파악"
1267,작업전 특별교육 실시
1268,근로자 출입제한
1269,유도자 배치
1270,안전지주 또는 안전블록 사용
1271,출입금지구역관리(안전지주 또는 안전블록 사용 시 예외)
1272,"보호구(안전모, 안전대, 안전화, 보안면, 절연용 보호구, 방열복, 방진마스크, 방한모·방한복·방한화·방한장갑) 지급 및 착용"
1273,높이 2m이상 안전대 부착설비 설치
1274,안전대 및 부속설비 이상 유무 작업 전 점검
1275,높이 2m이상 안전대 부착설비 설치
1276,안전대 및 부속설비 이상 유무 작업 전 점검
1277,안전방망 설치(근로자 안전대 착용)
1278,작업발판 설치
1279,이중절연구조
1280,"전기 기계 · 기구의 금속제 외함, 금속제 외피 및 철대 접지"
1281,소화기 비치등
1282,흡연 구역 지정
1283,산소농도 측정
1284,"환기, 송기마스크 등 지급"
1285,안전지주 또는 안전블록 사용
1286,출입금지구역관리(안전지주 또는 안전블록 사용 시 예외)
1287,"보호구(안전모, 안전대, 안전화, 보안면, 절연용 보호구, 방열복, 방진마스크, 방한모·방한복·방한화·방한장갑) 지급 및 착용"
1288,"수평유지, 전도방지 조치"
1289,"운전원 자격여부, 운전경력 파악"
1290,인양로프는 2줄걸이로 체결
1291,이동식 크레인 해지장치 사용
1292,아웃트리거 거치시 평탄한 지반에 전용 받침대를 설치하여 거치
1293,안전 통로 설치
1294,장애물 제거
1295,통로구획
1296,2줄걸이로 결속하여 수평으로 인양
1297,높이 2m이상 안전대 부착설비 설치
1298,안전대 및 부속설비 이상 유무 작업 전 점검
1299,안전지주 또는 안전블록 사용
1300,출입금지구역관리(안전지주 또는 안전블록 사용 시 예외)
1301,"보호구(안전모, 안전대, 안전화, 보안면, 절연용 보호구, 방열복, 방진마스크, 방한모·방한복·방한화·방한장갑) 지급 및 착용"
1302,낙하물방지망
1303,방호선반 설치
1304,보호구 착용
1305,출입금지구역 설정
1306,낙하물방지망
1307,방호선반 설치
1308,보호구 착용
1309,출입금지구역 설정
1310,낙하물방지망
1311,방호선반 설치
1312,보호구 착용
1313,출입금지구역 설정
1314,비계 높이가 2m 이상인 작업장소 법적기준에 맞는 작업발판 설치
1315,야간작업시 충분한 조명확보
1316,정기적 점검 및 유지 관리
1317,리프트 출입문 대형 메쉬문으로 설치
1318,높이 2m이상 안전대 부착설비 설치
1319,안전대 및 부속설비 이상 유무 작업 전 점검
1320,작업발판 전면에 설치
1321,화재대비 소화기 비치
1322,"보호구(안전모, 안전대, 안전화, 보안면, 절연용 보호구, 방열복, 방진마스크, 방한모·방한복·방한화·방한장갑) 지급 및 착용"
1323,관리감독자 점검(별표3의 작업에 대해)
1324,관리감독자의 점검 및 이상조치
1325,꼬임이 끊어진 섬유로프 등의 사용 금지
1326,안전지주 또는 안전블록 사용
1327,출입금지구역관리(안전지주 또는 안전블록 사용 시 예외)
1328,이동식 크레인 해지장치 사용
1329,크레인의 이동 경로 및 작업장소의 평탄성과 지내력 확보 필요시 철판등으로 보강
1330,적재하중 초과 금지
1331,안전지주 또는 안전블록 사용
1332,출입금지구역관리(안전지주 또는 안전블록 사용 시 예외)
1333,"운전원 자격여부, 운전경력 파악"
1334,"근로자 배치 및 교육, 작업방법, 방호장치 등 미리 확인 후 위험방지 조치"
1335,일정한 신호방법 및 신호자 지정
1336,안전방망 설치(근로자 안전대 착용)
1337,작업발판 설치
1338,"보호구(안전모, 안전대, 안전화, 보안면, 절연용 보호구, 방열복, 방진마스크, 방한모·방한복·방한화·방한장갑) 지급 및 착용"
1339,안전계수 기준 준수
1340,최대허용하중 등의 표식
1341,꼬임이 끊어진 섬유로프 등의 사용 금지
1342,이동식 크레인 해지장치 사용
1343,워킹타워 조립 시 절차 준수
1344,가설통로 설치
1345,개구부 난간 등 설치
1346,개구부 표시
1347,안전방망 설치(근로자 안전대 착용)
1348,관리감독자 점검(별표3의 작업에 대해)
1349,관리감독자의 점검 및 이상조치
1350,발끝막이판 설치
1351,안전난간 설치
1352,작업발판 전면에 설치
1353,개구부 난간 등 설치
1354,개구부 표시
1355,안전방망 설치(근로자 안전대 착용)
1356,발끝막이판 설치
1357,안전난간 설치
1358,해수침투되지 않도록 덮개 설치 및 균형 유지
1359,위험방지 앵커링 조치
1360,적당한 인양 장비 선정
1361,"보호구(안전모, 안전대, 안전화, 보안면, 절연용 보호구, 방열복, 방진마스크, 방한모·방한복·방한화·방한장갑) 지급 및 착용"
1362,안전방망 설치(근로자 안전대 착용)
1363,작업발판 설치
1364,공기호스의 길이는 최소한의 잠수 깊이에 필요한 길이만 사용
1365,"작업전 송기호스 및 공기공급 장치 점검 및 작업중 송기호스의 조임, 절단, 눌림등의 발생 여부를 확인하여 작업"
1366,일정한 신호방법 규정
1367,피항 계획 수립
1368,꼬임이 끊어진 섬유로프 등의 사용 금지
1369,꼬임이 끊어진 섬유로프 등의 사용 금지
1370,이동식 크레인 해지장치 사용
1371,케이슨 바닥에서 작업하지 않도록 지휘감독 실시
1372,"근로자 배치 및 교육, 작업방법, 방호장치 등 미리 확인 후 위험방지 조치"
1373,일정한 신호방법 및 신호자 지정
1374,"운전원 자격여부, 운전경력 파악"
1375,근로자 출입제한
1376,유도자 배치
1377,구호 장비 비치
1378,강부재 적재시 슬링벨트의 물림이나 후크가 부재틈에 걸리지 않도록 받침목의 위치와 높이를 고려하여 선정
1379,유도자 및 근로자 위치는 양중 근로자 시야에 위치
1380,자재하역전 하역장소의 받침목 설치 상태 확인
1381,인양물 받침 상태 등을 확인
1382,강재 모서리와 로프 접촉부에 보호대 설치
1383,불안정한 높이로 적재 금지
1384,튼튼한 기반위에 적재
1385,편하중이 생기지 않도록 할 것
1386,인양로프는 2줄걸이로 체결하여 수평 인양
1387,적재하중 초과 금지
1388,이동식 크레인 지브의 경사각 범위 사용
1389,경사면 아래로 근로자 출입 제한
1390,"구름멈춤대, 쐐기 등을 이용하여 중량물의 동요나 이동 조절"
1391,안전지주 또는 안전블록 사용
1392,출입금지구역관리(안전지주 또는 안전블록 사용 시 예외)
1393,유도자 배치
1394,"보호구(안전모, 안전대, 안전화, 보안면, 절연용 보호구, 방열복, 방진마스크, 방한모·방한복·방한화·방한장갑) 지급 및 착용"
1395,"궤도나 그밖에 관련 설비의 보수, 점검 작업 시 궤도작업차량 사용시 해당구간 열차운행관계자와 협의"
1396,"사전조사 및 결과 기록, 보존 및 작업계획서 작성 및 작업"
1397,작업계획서 근로자 주지
1398,항타기/항발기 조립/해체/변동/이동 시 작업밥업과 절차 수립 및 근로자 주지
1399,작업구역 출입금지
1400,작업지휘자 또는 유도자 유도에 따라 작업
1401,제한속도 지정
1402,섬유로프 등 점검 및 교체
1403,지반침하에 대한 검토 및 대책수립
1404,주행로 사전점검 및 유지∙보수
1405,체인블럭 등 결속 및 고정상태 확인
1406,"커브길 감속운전, 커브길 볼록반사경 설치"
1407,"근로자 배치 및 교육, 작업방법, 방호장치 등 미리 확인 후 위험방지 조치"
1408,일정한 신호방법 및 신호자 지정
1409,이동식 크레인 지브의 경사각 범위 사용
1410,이동식 크레인 해지장치 사용
1411,작업구역 출입금지
1412,작업지휘자 또는 유도자 유도에 따라 작업
1413,전도 방지조치 실시
1414,전용 달기구 사용
1415,작업높이 조절
1416,작업발판 설치
1417,갓길 붕괴 방지
1418,도로 폭의 유지
1419,유도자 배치
1420,지반의 부동침하 방지
1421,작업면 조도확보
1422,낙하물 방지망을 지상 조립 후 인양 거치
1423,발끝막이판 설치
1424,안전난간 설치
1425,가설통로 설치
1426,안전방망 설치(근로자 안전대 착용)
1427,작업발판 설치
1428,높이 2m이상 안전대 부착설비 설치
1429,안전대 및 부속설비 이상 유무 작업 전 점검
1430,송기마스크나 방독마스크 지급 착용
1431,낙하물방지망
1432,방호선반 설치
1433,보호구 착용
1434,출입금지구역 설정
1435,자재 인양시 인양함 또는 자재 결속후 인양
1436,작업전 슬링벨트 점검
1437,타설위치 및 붐대의 적정성 사전 검토 실시
1438,안전 통로 설치
1439,장애물 제거
1440,통로구획
1441,안전방망 설치(근로자 안전대 착용)
1442,작업발판 설치
1443,발끝막이판 설치
1444,안전난간 설치
1445,개구부가 발생하지 않도록 관리
1446,미고정 데크플레이트에 위험 표시
1447,데크플레이트 조립 장소에 개구부 덮개 설치
1448,"전도 방지 조치, 지반 지내력 및 평탄성 확보"
1449,작업장 정리정돈 및 청소
1450,전도예방조치(고정)
1451,안전지주 또는 안전블록 사용
1452,출입금지구역관리(안전지주 또는 안전블록 사용 시 예외)
1453,중량물 운반 및 운반 경로상 통로의 편탄성 확보
1454,작업높이 조절
1455,작업발판 설치
1456,높이 또는 깊이 2m 초과 경우 건설작업용 리프트 등의 설비 설치(작업성질상 곤란한 경우 제외)
1457,사다리 상하부 고정 조치
1458,작업모 또는 작업복 착용
1459,비계 높이가 2m 이상인 작업장소 법적기준에 맞는 작업발판 설치
1460,배수로 확보 전기시설 안전한 장소 설치
1461,크레인 인양 정격하중 검토 및 아웃트리거 전용 받침목 및 설치
1462,이동식 크레인 해지장치 사용
1463,PSC 전도 방지 조치
1464,경사면 아래로 근로자 출입 제한
1465,"구름멈춤대, 쐐기 등을 이용하여 중량물의 동요나 이동 조절"
1466,양중기 과부하장치 조정
1467,양중기 권과방지장치 조정
1468,양중기 기타방호장치 조정
1469,양중기 비상정지장치(제동장치) 조정
1470,인양 직후 일단정지 확인후 인양
1471,경사면 아래로 근로자 출입 제한
1472,"구름멈춤대, 쐐기 등을 이용하여 중량물의 동요나 이동 조절"
1473,안전지주 또는 안전블록 사용
1474,출입금지구역관리(안전지주 또는 안전블록 사용 시 예외)
1475,유도로프 또는 보조기구 사용
1476,"차량에 PSC 거더 적재 수량 계산, 초과 적재되지 않도록 관리 감독"
1477,제한속도 지정
1478,경사면 아래로 근로자 출입 제한
1479,"구름멈춤대, 쐐기 등을 이용하여 중량물의 동요나 이동 조절"
1480,커브길 볼록반사경 설치
1481,차량 운반전 주향로 사전점검 및 유지 보수 실시
1482,후진 작업시 유도자의 유도에 의해 작업
1483,작업차량 이동경로 확보
1484,작업구역 출입금지
1485,작업지휘자 또는 유도자 유도에 따라 작업
1486,전도 방지용 와이어로프 또는 용접 철근의 적정개소의 설정 및 작업 준수
1487,샤클 등 고정부위 고정
1488,크레인의 이동 경로 및 작업장소의 평탄성과 지내력 확보 필요시 철판등으로 보강
1489,"근로자 배치 및 교육, 작업방법, 방호장치 등 미리 확인 후 위험방지 조치"
1490,일정한 신호방법 및 신호자 지정
1491,지브크레인 지브의 경사각 범위에서 사용
1492,안전지주 또는 안전블록 사용
1493,출입금지구역관리(안전지주 또는 안전블록 사용 시 예외)
1494,안전지주 또는 안전블록 사용
1495,출입금지구역관리(안전지주 또는 안전블록 사용 시 예외)
1496,안전방망 설치(근로자 안전대 착용)
1497,작업발판 설치
1498,높이 2m이상 안전대 부착설비 설치
1499,안전대 및 부속설비 이상 유무 작업 전 점검
1500,높이 2m이상 안전대 부착설비 설치
1501,안전대 및 부속설비 이상 유무 작업 전 점검
1502,안전방망 설치(근로자 안전대 착용)
1503,작업발판 설치
1504,낙하물방지망
1505,방호선반 설치
1506,보호구 착용
1507,출입금지구역 설정
1508,안전방망 설치(근로자 안전대 착용)
1509,작업발판 설치
1510,철제 사다리 견고하게 고정 설치
1511,수직 승강통로 설치
1512,안전방망 설치(근로자 안전대 착용)
1513,작업발판 설치
1514,비계 높이가 2m 이상인 작업장소 법적기준에 맞는 작업발판 설치
1515,안전방망 설치(근로자 안전대 착용)
1516,작업발판 설치
1517,하중에 견딜 수 있도록 조치
1518,안전지주 또는 안전블록 사용
1519,출입금지구역관리(안전지주 또는 안전블록 사용 시 예외)
1520,안전방망 설치(근로자 안전대 착용)
1521,작업발판 설치
1522,마대 · 가설대 사용 시 충분한 폭 및 강도와 적당한 경사 확보
1523,발판 사용 시 견고하게 설치
1524,평탄하고 견고한 장소에서 작업
1525,갓길 붕괴 방지
1526,도로 폭의 유지
1527,유도자 배치
1528,지반의 부동침하 방지
1529,제한속도 지정
1530,꼬임이 끊어진 섬유로프 등의 사용 금지
1803,피복절연조치 실시
1531,인양 상태 불량시 내린후 재인양
1532,인양 직후 일단정지 확인 후 작업
1533,근로자 출입제한
1534,유도자 배치
1535,"보호구(안전모, 안전대, 안전화, 보안면, 절연용 보호구, 방열복, 방진마스크, 방한모·방한복·방한화·방한장갑) 지급 및 착용"
1536,울 또는 가이드롤러(guide roller) 등 설치
1537,제한속도 지정
1538,근로자 출입제한
1539,유도자 배치
1540,일정한 신호방법 규정
1541,근로자 출입제한
1542,유도자 배치
1543,경보용 설비 설치
1544,"보호구(안전모, 안전대, 안전화, 보안면, 절연용 보호구, 방열복, 방진마스크, 방한모·방한복·방한화·방한장갑) 지급 및 착용"
1545,갓길 붕괴 방지
1546,도로 폭의 유지
1547,유도자 배치
1548,지반의 부동침하 방지
1549,소형다짐기로 작업
1550,근로자 휴게시설 설치
1551,작업구역 출입금지
1552,작업지휘자 또는 유도자 유도에 따라 작업
1553,경보용 설비 설치
1554,작업구역 출입금지
1555,작업지휘자 또는 유도자 유도에 따라 작업
1556,안전 통로 설치
1557,장애물 제거
1558,통로구획
1559,근로자 휴게시설 설치
1560,제한속도 지정
1561,일정한 신호방법 규정
1562,적재함 들린채로 이동 금지
1563,"근로자 배치 및 교육, 작업방법, 방호장치 등 미리 확인 후 위험방지 조치"
1564,일정한 신호방법 및 신호자 지정
1565,긴장장치 작업전 점검
1566,긴장장치 후방 진입금지 또는 방호조치
1567,거푸집이 곡면인 경우 부상을 방지하기 위한 조치
1568,견고한 받침대 설치
1569,맞댄이음이나 장부이음 및 같은 품질의 재료 사용
1570,"상하 고정 및 미끄러짐 방지 조치, 하중의 지지상태 유지"
1571,전용철물 사용하여 단단히 연결
1572,침하 방지 조치
1573,"궤도나 그밖에 관련 설비의 보수, 점검 작업 시 궤도작업차량 사용시 해당구간 열차운행관계자와 협의"
1574,"사전조사 및 결과 기록, 보존 및 작업계획서 작성 및 작업"
1575,작업계획서 근로자 주지
1576,항타기/항발기 조립/해체/변동/이동 시 작업밥업과 절차 수립 및 근로자 주지
1577,삽입장비와 인력의 혼용 사용 금지
1578,강봉 인장 시 위험구역내 근로자 접근금지
1579,워킹타워 조립 시 절차 준수
1580,개구부 난간 등 설치
1581,개구부 표시
1582,안전방망 설치(근로자 안전대 착용)
1583,"보호구(안전모, 안전대, 안전화, 보안면, 절연용 보호구, 방열복, 방진마스크, 방한모·방한복·방한화·방한장갑) 지급 및 착용"
1584,"사다리 상부 고정, 미끄럼 및 전도방지조치"
1585,높이 또는 깊이 2m 초과 경우 건설작업용 리프트 등의 설비 설치(작업성질상 곤란한 경우 제외)
1586,악천후 및 강풍 시 작업 중지
1587,삽입장비와 인력의 혼용 사용 금지
1588,긴장장치 작업전 점검
1589,긴장장치 후방 진입금지 또는 방호조치
1590,강봉 컷팅 작업 전 강봉의 응력 제거
1591,갓길 붕괴 방지
1592,유도자 배치
1593,지반의 부동침하 방지
1594,"바퀴의 고정(브레이크, 쐐기, 아웃트리거 설치)"
1595,안전난간 설치
1596,작업발판 최대적재하중 250kg 초과 금지
1597,안전방망 설치(근로자 안전대 착용)
1598,작업발판 설치
1599,사다리 상단 걸쳐놓은 지점부터 60cm이상 올라오도록 설치
1600,"사다리식 통로 기울기 75도 이하설치(다만, 고정식 사다리식통로 기울기 90도 이하설치, 7m높이 이상시 바닥부터 2.5m 지점부터 등받이울 설치)"
1601,"사다리식 통로 등 설치(견고한구조, 손상 · 부식없는 재료사용, 발판간격 일정, 폭은 30cm이상 설치)"
1602,접이식 사다리 기둥사용 시 철물 등 사용하여 견고하게 설치
1603,통로길이가 10m이상인경우 5m이내마다 계단참 설치
1604,거푸집이 곡면인 경우 부상을 방지하기 위한 조치
1605,견고한 받침대 설치
1606,맞댄이음이나 장부이음 및 같은 품질의 재료 사용
1607,"상하 고정 및 미끄러짐 방지 조치, 하중의 지지상태 유지"
1608,전용철물 사용하여 단단히 연결
1609,침하 방지 조치
1610,안전방망 설치(근로자 안전대 착용)
1611,작업발판 설치
1612,개구부 난간 등 설치
1613,개구부 표시
1614,안전방망 설치(근로자 안전대 착용)
1615,높이 2m이상 안전대 부착설비 설치
1616,안전대 및 부속설비 이상 유무 작업 전 점검
1617,안전방망 설치(근로자 안전대 착용)
1618,작업발판 설치
1619,안전방망 설치(근로자 안전대 착용)
1620,작업발판 설치
1621,이중절연구조
1622,"전기 기계 · 기구의 금속제 외함, 금속제 외피 및 철대 접지"
1623,인장 작업방법 및 순서 준수
1624,긴장장치 작업전 점검
1625,긴장장치 후방 진입금지 또는 방호조치
1626,거푸집이 곡면인 경우 부상을 방지하기 위한 조치
1627,견고한 받침대 설치
1628,맞댄이음이나 장부이음 및 같은 품질의 재료 사용
1629,"상하 고정 및 미끄러짐 방지 조치, 하중의 지지상태 유지"
1630,전용철물 사용하여 단단히 연결
1631,침하 방지 조치
1632,"보호구(안전모, 안전대, 안전화, 보안면, 절연용 보호구, 방열복, 방진마스크, 방한모·방한복·방한화·방한장갑) 지급 및 착용"
1633,작업높이 조절
1634,작업발판 설치
1635,특수자동차 연결부 견고성 등 사전점검 실시
1636,특수자동차 이동순서 및 안전작업 절차 준수
1637,워킹타워 조립 시 절차 준수
1638,개구부 난간 등 설치
1639,개구부 표시
1640,안전방망 설치(근로자 안전대 착용)
1641,개구부 난간 등 설치
1642,개구부 표시
1643,구명조끼 등 구호장비 비치
1644,안전방망 설치(근로자 안전대 착용)
1645,"보호구(안전모, 안전대, 안전화, 보안면, 절연용 보호구, 방열복, 방진마스크, 방한모·방한복·방한화·방한장갑) 지급 및 착용"
1646,가설통로 설치
1647,안전성평가하여 위험성 제거
1648,악천후 및 강풍 시 작업 중지
1649,스트랜드 설치 작업 순서와 절차 준수
1650,워킹타워 조립 시 절차 준수
1651,개구부 난간 등 설치
1652,개구부 표시
1653,안전방망 설치(근로자 안전대 착용)
1654,개구부 난간 등 설치
1655,개구부 표시
1656,구명조끼 등 구호장비 비치
1657,안전방망 설치(근로자 안전대 착용)
1658,악천후 및 강풍 시 작업 중지
1659,안전성평가하여 위험성 제거
1660,"보호구(안전모, 안전대, 안전화, 보안면, 절연용 보호구, 방열복, 방진마스크, 방한모·방한복·방한화·방한장갑) 지급 및 착용"
1661,건널다리 등 설치
1662,안전덮개 등 설치
1663,비정상작업에 대한 교육 실시
1664,잠금장치 부착
1665,표지판 설치
1666,Rod 이음 작업 시 안전작업 절차 준수
1667,작업 전 호스 연결부 체결상태 확인
1668,이중절연구조
1669,"전기 기계 · 기구의 금속제 외함, 금속제 외피 및 철대 접지"
1670,"보호구(안전모, 안전대, 안전화, 보안면, 절연용 보호구, 방열복, 방진마스크, 방한모·방한복·방한화·방한장갑) 지급 및 착용"
1671,"보호구(안전모, 안전대, 안전화, 보안면, 절연용 보호구, 방열복, 방진마스크, 방한모·방한복·방한화·방한장갑) 지급 및 착용"
1672,"굴착 작업전 매설물 여부, 위치 확인"
1673,빗물이나 지하수 등 배제
1674,"옹벽, 흙막이 지보공 등 설치"
1675,지보공 설치 및 부석 제거
1676,장비 운전 유자격자 배치
1677,근로자 출입제한
1678,유도자 배치
1679,일정한 신호방법 규정
1680,일정한 신호방법 규정
1681,작업장 정리정돈 및 청소
1682,전도예방조치(고정)
1683,안전 통로 설치
1684,장애물 제거
1685,통로구획
1686,"궤도나 그밖에 관련 설비의 보수, 점검 작업 시 궤도작업차량 사용시 해당구간 열차운행관계자와 협의"
1687,"사전조사 및 결과 기록, 보존 및 작업계획서 작성 및 작업"
1688,작업계획서 근로자 주지
1689,항타기/항발기 조립/해체/변동/이동 시 작업밥업과 절차 수립 및 근로자 주지
1690,"근로자 배치 및 교육, 작업방법, 방호장치 등 미리 확인 후 위험방지 조치"
1691,일정한 신호방법 및 신호자 지정
1692,적재하중 초과 금지
1693,불안정한 높이로 적재 금지
1694,튼튼한 기반위에 적재
1695,편하중이 생기지 않도록 할 것
1696,운행경로 및 토석 적재장소 출입방법 관계근로자 주지
1697,제한속도 지정
1698,안전방망 설치(근로자 안전대 착용)
1699,작업발판 설치
1700,안전방망 설치(근로자 안전대 착용)
1701,작업발판 설치
1702,"보호구(안전모, 안전대, 안전화, 보안면, 절연용 보호구, 방열복, 방진마스크, 방한모·방한복·방한화·방한장갑) 지급 및 착용"
1703,리프트 안전검사 실시
1704,주기적으로 자체검사 실시
1705,크레인 해지장치 사용
1706,일정한 신호방법 규정
1707,유도로프 사용
1708,인양물 회전 작업반경 밖에서 작업 실시
1709,관계 근로자외 출입 금지
1710,날씨가 몹시 나쁜 경우 작업 중지
1711,버팀목 설치 및 거푸집동바리 등을 인양장비에 매단 후 작업
1712,양중기로 철근 운반 시 두 군데 이상 묶어서 수평으로 운반
1713,작업위치가 높이 2m이상일 경우 작업발판 설치 또는 안전대 착용
1802,터널 지보공 및 록볼트의 설치
1714,"재료, 기구 또는 공구 등을 올리거나 내리는 경우 달줄 · 달포대 등을 사용"
1715,굴착사면에 비닐 덮음
1716,측구 설치
1717,비규격 토류판 사용금지
1718,관계 근로자외 출입 금지
1719,날씨가 몹시 나쁜 경우 작업 중지
1720,버팀목 설치 및 거푸집동바리 등을 인양장비에 매단 후 작업
1721,양중기로 철근 운반 시 두 군데 이상 묶어서 수평으로 운반
1722,작업위치가 높이 2m이상일 경우 작업발판 설치 또는 안전대 착용
1723,"재료, 기구 또는 공구 등을 올리거나 내리는 경우 달줄 · 달포대 등을 사용"
1724,변형 · 부식 또는 심하게 손상된 것 사용 금지
1725,작업장 정리정돈 및 청소
1726,전도예방조치(고정)
1727,안전방망 설치(근로자 안전대 착용)
1728,작업발판 설치
1729,안전방망 설치(근로자 안전대 착용)
1730,작업발판 설치
1731,하부작업장 굴착 진도에 따라 작업통로 설치
1732,"보호구(안전모, 안전대, 안전화, 보안면, 절연용 보호구, 방열복, 방진마스크, 방한모·방한복·방한화·방한장갑) 지급 및 착용"
1733,전기톱은 전원을 끈 상태에서 이동
1734,일정한 신호방법 규정하여 근로자 주지
1735,"근로자 배치 및 교육, 작업방법, 방호장치 등 미리 확인 후 위험방지 조치"
1736,일정한 신호방법 및 신호자 지정
1737,"보호구(안전모, 안전대, 안전화, 보안면, 절연용 보호구, 방열복, 방진마스크, 방한모·방한복·방한화·방한장갑) 지급 및 착용"
1738,일정한 신호방법 규정하여 근로자 주지
1739,경사면 아래로 근로자 출입 제한
1740,"구름멈춤대, 쐐기 등을 이용하여 중량물의 동요나 이동 조절"
1741,근로자 출입제한
1742,유도자 배치
1743,차량계 건설기계 전조등 설치
1744,작업장 정리정돈 및 청소
1745,전도예방조치(고정)
1746,안전방망 설치(근로자 안전대 착용)
1747,작업발판 설치
1748,방진장갑 등 진동보호구 지급 착용
1749,일정한 신호방법 규정하여 근로자 주지
1750,"보호구(안전모, 안전대, 안전화, 보안면, 절연용 보호구, 방열복, 방진마스크, 방한모·방한복·방한화·방한장갑) 지급 및 착용"
1751,근로자 출입제한
1752,유도자 배치
1753,운행경로 및 토석 적재장소 출입방법 관계근로자 주지
1754,작업전 주입부 및 연결부 점검
1755,작업높이 조절
1756,작업발판 설치
1757,안전방망 설치(근로자 안전대 착용)
1758,작업발판 설치
1759,개구부 난간 등 설치
1760,개구부 표시
1761,안전방망 설치(근로자 안전대 착용)
1762,달비계 설치시 달기 강선/강대 심하게 손상/부식된 석 사용금지
1763,"달비계 설치시 달비계에 안전대/구명줄 설치, 가능하면 안전난간 설치"
1764,달비계 설치시 비계 보/작업발판 등에 버팀을 설치
1765,달비계 설치시 선반비계의 보 접석부/교차부 철선/이음철물로 연결
1766,달비계 설치시 손상된 달기 체인 사용금지
1767,달비계 설치시 손상된 섬유로프/벨트 사용금지
1768,달비계 설치시 손상된 와이어로프 사용금지
1769,"달비계 설치시 와이어로프, 체인, 강선, 강대, 섬유로프는 풀리지 않게 설치"
1770,달비계 설치시 작업발판 틈새없이 폭 40센치미터 이상
1771,달비계 설치시 작업발판은 탈착되지 않게 연결해 설치
1772,안전방망 설치(근로자 안전대 착용)
1773,작업발판 설치
1774,"보호구(안전모, 안전대, 안전화, 보안면, 절연용 보호구, 방열복, 방진마스크, 방한모·방한복·방한화·방한장갑) 지급 및 착용"
1775,"보호구(안전모, 안전대, 안전화, 보안면, 절연용 보호구, 방열복, 방진마스크, 방한모·방한복·방한화·방한장갑) 지급 및 착용"
1776,차량계 건설기계 전조등 설치
1777,안전지주 또는 안전블록 사용
1778,피복절연조치 실시
1779,전체환기장치 설치
1780,작업면 조도확보
1781,부석의 제거
1782,터널 지보공 및 록볼트의 설치
1783,안전지주 또는 안전블록 사용
1784,출입금지구역관리(안전지주 또는 안전블록 사용 시 예외)
1785,고소작업대 사용 기준 준수
1786,고소작업대 설치 기준 준수
1787,고소작업대 설치 사항 준수
1788,고소작업대 이동 사항 준수
1789,발끝막이판 설치
1790,안전난간 설치
1791,전체환기장치 설치
1792,"가열, 마찰, 충격, 증발, 압축, 주입, 접촉 방치 금지"
1793,점화원 제거
1794,폭발 · 화재 및 누출 방호조치
1795,"가열, 마찰, 충격, 증발, 압축, 주입, 접촉 방치 금지"
1796,점화원 제거
1797,폭발 · 화재 및 누출 방호조치
1798,장약 작업자 화기취급 및 휴대금지
1799,안전지주 또는 안전블록 사용
1800,출입금지구역관리(안전지주 또는 안전블록 사용 시 예외)
1801,부석의 제거
1804,발파작업 금지사항 준수
1805,발파작업 금지사항 준수
1806,발파작업 금지사항 준수
1807,갱내 채석작업 동바리 또는 버팀대 설치
1808,갱구 부근 조도 확보
1809,운반경로 설정
1810,부석의 제거
1811,터널 지보공 및 록볼트의 설치
1812,관계 근로자외 출입 금지 조치
1813,사토장에 유도자 배치
1814,결속 로프 해체시 안전수칙 준수하여 해체
1815,고소작업대 사용 기준 준수
1816,고소작업대 설치 기준 준수
1817,고소작업대 설치 사항 준수
1818,고소작업대 이동 사항 준수
1819,안전지주 또는 안전블록 사용
1820,출입금지구역관리(안전지주 또는 안전블록 사용 시 예외)
1821,굴착법면 상부에 적재 금지
1822,안전지주 또는 안전블록 사용
1823,빗물이나 지하수 등 배제
1824,"옹벽, 흙막이 지보공 등 설치"
1825,지보공 설치 및 부석 제거
1826,"운반전 로프 체결 상태 확인, 통행로 평탄성 확보∙ 차량운행 속도 제한"
1827,"지보공 세울때 홀더 등으로 고정점 형성, 상단 볼트 체결 철저, 조립 작업시작업 지휘자 배치"
1828,"장비의 목적외 사용금지, 강지보 전용 작업대차 사용"
1829,"보호구(안전모, 안전대, 안전화, 보안면, 절연용 보호구, 방열복, 방진마스크, 방한모·방한복·방한화·방한장갑) 지급 및 착용"
1830,불량 개소 분사 두께 확인하여 작업
1831,안전지주 또는 안전블록 사용
1832,출입금지구역관리(안전지주 또는 안전블록 사용 시 예외)
1833,갓길 붕괴 방지
1834,도로 폭의 유지
1835,유도자 배치
1836,지반의 부동침하 방지
1837,갓길 붕괴 방지
1838,유도자 배치
1839,지반의 부동침하 방지
1840,호스 접속부 결속 상태 수시 점검 및 확인
1841,호스 청소시 무인 방향으로 호스를 위치한 후 청소 실시
1842,근로자 출입제한
1843,유도자 배치
1844,작업구역 출입금지
1845,작업지휘자 또는 유도자 유도에 따라 작업
1846,"보호구(안전모, 안전대, 안전화, 보안면, 절연용 보호구, 방열복, 방진마스크, 방한모·방한복·방한화·방한장갑) 지급 및 착용"
1847,빗물이나 지하수 등 배제
1848,"옹벽, 흙막이 지보공 등 설치"
1849,지보공 설치 및 부석 제거
1850,자재 과적 금지
1851,자재 적치대 설치
1852,근로자 출입제한
1853,유도자 배치
1854,락볼트 근입장은 암질 상태에 따라 적합하게 결정
1855,안전지주 또는 안전블록 사용
1856,출입금지구역관리(안전지주 또는 안전블록 사용 시 예외)
1857,낙하물방지망
1858,방호선반 설치
1859,보호구 착용
1860,출입금지구역 설정
1861,천공 작업시 안전수칙 준수
1862,일정한 신호방법 규정
1863,작업전 주입부 및 연결부 점검
1864,시동키 분리
1865,운전석 잠금장치
1866,고압 호스 결속 상태 수시점검 및 확인
1867,건널다리 등 설치
1868,안전덮개 등 설치
1869,안전지주 또는 안전블록 사용
1870,출입금지구역관리(안전지주 또는 안전블록 사용 시 예외)
1871,갓길 붕괴 방지
1872,도로 폭의 유지
1873,유도자 배치
1874,지반의 부동침하 방지
1875,비계 높이가 2m 이상인 작업장소 법적기준에 맞는 작업발판 설치
1876,주입 압력 및 주입량 측정 및 압송 파이프로부터 근로자 일정 거리 유지 후 통행 및 작업
1877,빗물이나 지하수 등 배제
1878,"옹벽, 흙막이 지보공 등 설치"
1879,지보공 설치 및 부석 제거
1880,작업전 주입부 및 연결부 점검
1881,주입관 길이에 따른 작업조 편성 및 작업대차에 주입관 과적재 금지
1882,안전방망 설치(근로자 안전대 착용)
1883,작업발판 설치
1884,작업높이 조절
1885,작업발판 설치
1886,감전방지용 누전차단기 설치
1887,이중절연구조
1888,주입시 그라우팅 유압 및 유량관리
1889,방수쉬트 들어올리는 작업 시 도르레 등의 장비 사용
1890,작업구역 출입금지
1891,작업지휘자 또는 유도자 유도에 따라 작업
1892,작업장 정리정돈 및 청소
1893,전도예방조치(고정)
1894,안전방망 설치(근로자 안전대 착용)
1895,작업발판 설치
1896,리프트 운반구 탑승 제한
1897,컨베이어 탑승 제한
1898,크레인 탑승 제한
1899,화물자동차 적재함 탑승 제한
1900,피복절연조치 실시
1901,조명등 설치 시 방수쉬트와 적정한 이격거리 유지
1902,작업환경 개선조치
1903,열풍용접기 사용방법 숙지
1904,75럭스 이상의 채광 또는 조명시설
1905,안전 통로 설치
1906,장애물 제거
1907,통로구획
1908,건널다리 등 설치
1909,안전덮개 등 설치
1910,배수로 수시 정비 실시
1911,적정용량의 양수기 설치
1912,지하수 적기 처리 실시
1913,개구부 난간 등 설치
1914,개구부 표시
1915,안전방망 설치(근로자 안전대 착용)
1916,안전방망 설치(근로자 안전대 착용)
1917,작업발판 설치
1918,감전방지용 누전차단기 설치
1919,이중절연구조
1920,방호망이나 절연덮개 설치
1921,폐쇄형 외함 구조
1922,표지판 설치
1923,파손된 콘센트 사용
1924,집수정 및 집전시설 설치
1925,75럭스 이상의 채광 또는 조명시설
1926,TBM장비 반입 시 중량물 취급에 대한 안전수칙 교육
1927,장비전도 방지 조치
1928,굴착사면에 비닐 덮음
1929,측구 설치
1930,굴착사면에 비닐 덮음
1931,측구 설치
1932,이동식 크레인 해지장치 사용
1933,안전지주 또는 안전블록 사용
1934,출입금지구역관리(안전지주 또는 안전블록 사용 시 예외)
1935,안전계수 기준 준수
1936,최대허용하중 등의 표식
1937,작업구역 출입금지
1938,작업지휘자 또는 유도자 유도에 따라 작업
1939,레일설치 규격준수 및 고정
1940,작업장 정리정돈 및 청소
1941,전도예방조치(고정)
1942,인양시 일단정지 확인 후 인양
1943,안전방망 설치(근로자 안전대 착용)
1944,작업발판 설치
1945,"보호구(안전모, 안전대, 안전화, 보안면, 절연용 보호구, 방열복, 방진마스크, 방한모·방한복·방한화·방한장갑) 지급 및 착용"
1946,환기 실시
1947,인화성가스 농도 측정 및 급속환기 실시
1948,작업 전 유해가스 농도 측정
1949,75럭스 이상의 채광 또는 조명시설
1950,급속환기 실시 및 물을 뿌려 시계확보
1951,Shield 장비 반입 시 중량물 취급에 대한 안전수칙 교육
1952,장비 전도 방지 조치
1953,굴착사면에 비닐 덮음
1954,측구 설치
1955,이동식 크레인 해지장치 사용
1956,안전지주 또는 안전블록 사용
1957,출입금지구역관리(안전지주 또는 안전블록 사용 시 예외)
1958,안전계수 기준 준수
1959,최대허용하중 등의 표식
1960,레일설치 규격준수 및 고정
1961,인양물 받침대 또는 결속하여 인양
1962,"궤도나 그밖에 관련 설비의 보수, 점검 작업 시 궤도작업차량 사용시 해당구간 열차운행관계자와 협의"
1963,"사전조사 및 결과 기록, 보존 및 작업계획서 작성 및 작업"
1964,작업계획서 근로자 주지
1965,항타기/항발기 조립/해체/변동/이동 시 작업밥업과 절차 수립 및 근로자 주지
1966,굴착사면에 비닐 덮음
1967,측구 설치
1968,작업장 정리정돈 및 청소
1969,전도예방조치(고정)
1970,"보호구(안전모, 안전대, 안전화, 보안면, 절연용 보호구, 방열복, 방진마스크, 방한모·방한복·방한화·방한장갑) 지급 및 착용"
1971,인화성가스 농도 측정 및 급속환기 실시
1972,작업 전 유해가스 농도 측정
1973,75럭스 이상의 채광 또는 조명시설
1974,급속환기 실시 및 물을 뿌려 시계확보
1975,마대 · 가설대 사용 시 충분한 폭 및 강도와 적당한 경사 확보
1976,발판 사용 시 견고하게 설치
1977,평탄하고 견고한 장소에서 작업
1978,제한속도 지정
1979,운반차량 사이드 브레이크 확인
1980,차륜에 쐐기 설치
1981,작업구역 출입금지
1982,작업지휘자 또는 유도자 유도에 따라 작업
1983,마대 · 가설대 사용 시 충분한 폭 및 강도와 적당한 경사 확보
1984,발판 사용 시 견고하게 설치
1985,평탄하고 견고한 장소에서 작업
1986,마대 · 가설대 사용 시 충분한 폭 및 강도와 적당한 경사 확보
1987,발판 사용 시 견고하게 설치
1988,평탄하고 견고한 장소에서 작업
1989,섬유로프 등 점검 및 교체
1990,인양 직후 일단정지 확인 후 작업
1991,갓길 붕괴 방지
1992,유도자 배치
1993,지반의 부동침하 방지
1994,탑승 인원 준수
1995,일정한 신호방법 규정
1996,유동성 자재 결속 등 구름방지 조치
1997,흙막이 강재 적재 시 받침목 설치
1998,근로자 출입제한
1999,유도자 배치
2000,갓길 붕괴 방지
2001,도로 폭의 유지
2002,유도자 배치
2003,지반의 부동침하 방지
2004,근로자 출입제한
2005,유도자 배치
2006,"구명튜브, 구명로프 등 구호장비 비치"
2007,"보호구(안전모, 안전대, 안전화, 보안면, 절연용 보호구, 방열복, 방진마스크, 방한모·방한복·방한화·방한장갑) 지급 및 착용"
2008,버팀대의 긴압의 정도 이상 시 즉시 보수
2009,부재의 손상 · 변형 · 부식 · 부식 · 변위 및 탈락의 유무와 상태 이상 시 즉시 보수
2010,부재의 접속부 · 부착부 및 교차부의 상태 이상 시 즉시 보수
2011,침하의 정도 이상 시 즉시 보수
2012,악천후 및 강풍 시 작업 중지
2013,제한속도 지정
2014,운반차량 사이드 브레이크 확인
2015,차륜에 쐐기 설치
2016,작업구역 출입금지
2017,작업지휘자 또는 유도자 유도에 따라 작업
2018,마대 · 가설대 사용 시 충분한 폭 및 강도와 적당한 경사 확보
2019,발판 사용 시 견고하게 설치
2020,평탄하고 견고한 장소에서 작업
2021,슬링로프 제거 시 후크가 자재에 걸리지 않도록 조치
2022,섬유로프 등 점검 및 교체
2023,"아웃트리거, 버팀목 설치"
2024,유도자 배치
2025,인양장비 설치 위치 지반 지지력 확인
2026,건널다리 등 설치
2027,안전덮개 등 설치
2028,건널다리 등 설치
2029,안전덮개 등 설치
2030,자재 및 공구의 적재방법 확인 및 전도방지 조치
2031,상하 동시 작업 금지
2032,"탈착 작업 시 손, 발 주변 확인"
2033,작업전 연결부 점검 실시
2034,(달비계 또는 높이 5m 이상의 비계를 조립·해체 변경시) 관리감독자 지휘에 따라 작업
2035,강관비계 또는 통나무비계 조립 쌍줄(별도의 작업발판 설치시 외줄)
2036,근로자 주지
2037,날씨가 몹시 나쁜 경우 작업 중지
2038,비계재료의 연결·해체작업 폭 20cm 이상의 발판 설치 및 안전대 사용
2039,"재료, 기구 또는 공구 등을 올리거나 내리는 경우 달줄 · 달포대 등을 사용"
2040,출입금지 및 내용 게시
2041,작업높이 조절
2042,작업발판 설치
2043,"보호구(안전모, 안전대, 안전화, 보안면, 절연용 보호구, 방열복, 방진마스크, 방한모·방한복·방한화·방한장갑) 지급 및 착용"
2044,그라우팅 주입 시 유압 및 유량 관리
2045,굴착사면에 비닐 덮음
2046,측구 설치
2047,"궤도나 그밖에 관련 설비의 보수, 점검 작업 시 궤도작업차량 사용시 해당구간 열차운행관계자와 협의"
2048,"사전조사 및 결과 기록, 보존 및 작업계획서 작성 및 작업"
2049,작업계획서 근로자 주지
2050,항타기/항발기 조립/해체/변동/이동 시 작업밥업과 절차 수립 및 근로자 주지
2051,빗물이나 지하수 등 배제
2052,"옹벽, 흙막이 지보공 등 설치"
2053,지보공 설치 및 부석 제거
2054,높이 2m이상 안전대 부착설비 설치
2055,안전대 및 부속설비 이상 유무 작업 전 점검
2056,안전방망 설치(근로자 안전대 착용)
2057,작업발판 설치
2058,"보호구(안전모, 안전대, 안전화, 보안면, 절연용 보호구, 방열복, 방진마스크, 방한모·방한복·방한화·방한장갑) 지급 및 착용"
2059,안전방망 설치(근로자 안전대 착용)
2060,작업발판 설치
2061,발파작업 금지사항 준수
2062,발파작업 작업 기준 준수 및 안전교육
2063,급속환기 실시 및 물을 뿌려 시계확보
2064,비정상작업에 대한 교육 실시
2065,잠금장치 부착
2066,표지판 설치
2067,건널다리 등 설치
2068,컨베이어에 중량물 운반 경우 스토퍼 설치 또는 작업자 출입 금지
2069,호퍼 내부 작업시 “작업중” 표지 부착외부에 감시인 배치
2070,덮개 또는 울 설치 등 낙하 방지 조치
2071,작업구역 출입금지
2072,작업지휘자 또는 유도자 유도에 따라 작업
2073,콘크리트 배출구 주변 콘크리트 등 부착물 사전제거 확인후 하부 작업투입
2074,작업구역 출입금지
2075,작업지휘자 또는 유도자 유도에 따라 작업
2076,골재 호퍼 상부에 스크린형 덮개 설치
2077,"수직 승강로에 수직 구명줄 설치, 방호울형 승강로 설치"
2078,건널다리 등 설치
2079,컨베이어에 중량물 운반 경우 스토퍼 설치 또는 작업자 출입 금지
2080,덮개 또는 울 설치 등 낙하 방지 조치
2081,작업구역 출입금지
2082,작업지휘자 또는 유도자 유도에 따라 작업
2083,작업구역 출입금지
2084,작업지휘자 또는 유도자 유도에 따라 작업
2085,발끝막이판 설치
2086,안전난간 설치
2087,"수직 승강로에 수직 구명줄 설치, 방호울형 승강로 설치"
2088,비정상작업에 대한 교육 실시
2089,잠금장치 부착
2090,표지판 설치
2091,건널다리 등 설치
2092,컨베이어에 중량물 운반 경우 스토퍼 설치 또는 작업자 출입 금지
2093,덮개 또는 울 설치 등 낙하 방지 조치
2094,안전지주 또는 안전블록 사용
2095,출입금지구역관리(안전지주 또는 안전블록 사용 시 예외)
2096,작업구역 출입금지
2097,작업지휘자 또는 유도자 유도에 따라 작업
2098,암 제거 작업은 쇠추등 보조기구를 사용하여 실시
2099,개인보호구 착용
2100,크라샤 및 벨트 컨베이어의 살수장치 주기적인 점검 및 보수
2101,"조명등에 보호갓, 보호유리, 보호망 설치"
2102,"천정 조명등, 벽 조명등, 받침대가 있는 조명등은 떨어지거나 넘어지지 않도록 설치"
2103,75럭스 이상의 채광 또는 조명시설
2104,높이 2m 이상 작업에 필요한 조명 유지
2105,이중절연구조
2106,"전기 기계 · 기구의 금속제 외함, 금속제 외피 및 철대 접지"
2107,"보호구(안전모, 안전대, 안전화, 보안면, 절연용 보호구, 방열복, 방진마스크, 방한모·방한복·방한화·방한장갑) 지급 및 착용"
2108,75럭스 이상의 채광 또는 조명시설
2109,"보호구(안전모, 안전대, 안전화, 보안면, 절연용 보호구, 방열복, 방진마스크, 방한모·방한복·방한화·방한장갑) 지급 및 착용"
2110,환기장치 고정 철저
2111,이중절연구조
2112,"전기 기계 · 기구의 금속제 외함, 금속제 외피 및 철대 접지"
2113,유해가스가 역류하지 않도록 배출구 돌출
2114,환기기구와 호스의 연결은 견고하게 체결
2115,밀폐설비나 국소배기장치 설치
2116,밀폐설비나 국소배기장치 설치
2117,"보호구(안전모, 안전대, 안전화, 보안면, 절연용 보호구, 방열복, 방진마스크, 방한모·방한복·방한화·방한장갑) 지급 및 착용"
2118,"분진 발생 장소에 작업 전 돌출물, 개구부 등의 안전조치"
2119,분진 유해성 주지
2120,75럭스 이상의 채광 또는 조명시설
2121,밀폐설비나 국소배기장치 설치
2122,물뿌리기 등 습도 조절
2123,호흡용 보호구 지급 및 착용
2124,분진 발생작업에 대한 안전작업 절차 준수
2125,작업장 정리정돈 및 청소
2126,전도예방조치(고정)
2127,안전방망 설치(근로자 안전대 착용)
2128,작업발판 설치
2129,안전방망 설치(근로자 안전대 착용)
2130,작업발판 설치
2131,안전방망 설치(근로자 안전대 착용)
2132,작업발판 설치
2133,감전방지용 누전차단기 설치
2134,이중절연구조
2135,이중절연구조
2136,"전기 기계 · 기구의 금속제 외함, 금속제 외피 및 철대 접지"
2137,피복절연조치 실시
2138,양수기 배수용량에 충분한 수량 설치
2139,"보호구(안전모, 안전대, 안전화, 보안면, 절연용 보호구, 방열복, 방진마스크, 방한모·방한복·방한화·방한장갑) 지급 및 착용"
2140,개구부 난간 등 설치
2141,개구부 표시
2142,안전방망 설치(근로자 안전대 착용)
2143,덮개는 견고한 것을 사용
2144,개구부 덮개는 stopper를 설치하거나 고정시켜 탈락 방지
2145,개구부 난간 등 설치
2146,개구부 표시
2147,안전방망 설치(근로자 안전대 착용)
2148,안전방망 설치(근로자 안전대 착용)
2149,작업발판 설치
2150,개구부 난간 등 설치
2151,개구부 표시
2152,안전방망 설치(근로자 안전대 착용)
2153,안전작업수칙 준수
2154,작업자가 개구부 덮개 임의로 해체하지 않토록 지휘 감독 철저
2155,"보호구(안전모, 안전대, 안전화, 보안면, 절연용 보호구, 방열복, 방진마스크, 방한모·방한복·방한화·방한장갑) 지급 및 착용"
2156,비계 높이가 2m 이상인 작업장소 법적기준에 맞는 작업발판 설치
2157,비계 높이가 2m 이상인 작업장소 법적기준에 맞는 작업발판 설치
2158,비계 높이가 2m 이상인 작업장소 법적기준에 맞는 작업발판 설치
2159,비계 높이가 2m 이상인 작업장소 법적기준에 맞는 작업발판 설치
2160,비계 높이가 2m 이상인 작업장소 법적기준에 맞는 작업발판 설치
2161,안전교육 실시
2162,안전작업수칙을 숙지
2163,"보호구(안전모, 안전대, 안전화, 보안면, 절연용 보호구, 방열복, 방진마스크, 방한모·방한복·방한화·방한장갑) 지급 및 착용"
2164,"기상악화로 작업중지후 또는 조립·해체, 변경 후 점검 보수"
2165,"기상악화로 작업중지후 또는 조립·해체, 변경 후 점검 보수"
2166,달비계(곤돌라의 달비계 제외) 최대 적재하중은 안전 계수에 따라 정함(안전계수=절단하중/최대하중)
2167,비계 작업발판 최대적재하중 초과 금지
2168,"기상악화로 작업중지후 또는 조립·해체, 변경 후 점검 보수"
2169,낙하물방지망
2170,방호선반 설치
2171,보호구 착용
2172,출입금지구역 설정
2173,작업구역 접근금지 방책설치 또는 감시인 배치
2174,적합한 절연용 방호구로 이격
2175,절연조치와 유자격자 작업 시 접근한계거리 준수
2176,차량/기계장치에 대한 이격거리 준수
2177,충전전로 접촉위험 차량의 접지점 접촉금지조치
2273,이중절연구조
2448,전체환기장치 설치
2178,"보호구(안전모, 안전대, 안전화, 보안면, 절연용 보호구, 방열복, 방진마스크, 방한모·방한복·방한화·방한장갑) 지급 및 착용"
2179,높이 또는 깊이 2m 초과 경우 건설작업용 리프트 등의 설비 설치(작업성질상 곤란한 경우 제외)
2180,작업 시작전 안전작업수칙 교육
2181,"작업지휘자 지정, 작업 지휘"
2182,"보호구(안전모, 안전대, 안전화, 보안면, 절연용 보호구, 방열복, 방진마스크, 방한모·방한복·방한화·방한장갑) 지급 및 착용"
2183,가설통로 설치
2184,낙하물방지망
2185,방호선반 설치
2186,보호구 착용
2187,출입금지구역 설정
2188,낙하물방지망
2189,방호선반 설치
2190,보호구 착용
2191,출입금지구역 설정
2192,비계 높이가 2m 이상인 작업장소 법적기준에 맞는 작업발판 설치
2193,작업장 정리정돈 및 청소
2194,전도예방조치(고정)
2195,작업장 정리정돈 및 청소
2196,전도예방조치(고정)
2197,비계 높이가 2m 이상인 작업장소 법적기준에 맞는 작업발판 설치
2198,가설통로 설치
2199,발끝막이판 설치
2200,안전난간 설치
2201,발끝막이판 설치
2202,안전난간 설치
2203,안전 통로 설치
2204,장애물 제거
2205,통로구획
2206,"보호구(안전모, 안전대, 안전화, 보안면, 절연용 보호구, 방열복, 방진마스크, 방한모·방한복·방한화·방한장갑) 지급 및 착용"
2207,안전작업절차 준수
2208,회로명 표기
2209,우수침투를 막울 수 있게 옥외형 설치
2210,이물질 제거
2211,외함 시건장치 설치
2212,감전방지용 누전차단기 설치
2213,이중절연구조
2214,전기담당자에 의한 조작 실시
2215,절연용 전기기계기구 사용
2216,방호망이나 절연덮개 설치
2217,폐쇄형 외함 구조
2218,표지판 설치
2219,콘센트 외함 파손
2220,이중절연구조
2221,"전기 기계 · 기구의 금속제 외함, 금속제 외피 및 철대 접지"
2222,사용 전 흠/균열/파손/ 기타 손상유무를 확인 시 즉시 조치
2223,"적합한 절연용 보호구 ,절연용 방호구, 활선작업용 기구, 활선작업용 장치 사용"
2224,정기적인 성능확인
2225,유자격자 전로인근 작업 시 접근한계거리 준수
2226,일반 근로자 전로주변 고소작업 시 접근한계거리 지정 및 준수
2227,작업구역 접근금지 방책설치 또는 감시인 배치
2228,적합한 절연용 보호구 착용
2229,전로와 직/간접 접촉 금지
2230,전로차단/전원공급 절차준수
2231,절연용 방호구 설치/해체 시 활선작업용 기구 및 장치 사용
2232,해당전압에 적합한 절연용 방호구 설치(저압인 경우 절연용 보호구만 착용가능)
2233,방호망이나 절연덮개 설치
2234,폐쇄형 외함 구조
2235,표지판 설치
2236,방호망이나 절연덮개 설치
2237,폐쇄형 외함 구조
2238,표지판 설치
2239,방호망이나 절연덮개 설치
2240,폐쇄형 외함 구조
2241,표지판 설치
2242,유자격자 전로인근 작업 시 접근한계거리 준수
2243,일반 근로자 전로주변 고소작업 시 접근한계거리 지정 및 준수
2244,작업구역 접근금지 방책설치 또는 감시인 배치
2245,적합한 절연용 보호구 착용
2246,전로와 직/간접 접촉 금지
2247,전로차단/전원공급 절차준수
2248,절연용 방호구 설치/해체 시 활선작업용 기구 및 장치 사용
2249,해당전압에 적합한 절연용 방호구 설치(저압인 경우 절연용 보호구만 착용가능)
2250,유자격자 전로인근 작업 시 접근한계거리 준수
2251,일반 근로자 전로주변 고소작업 시 접근한계거리 지정 및 준수
2252,작업구역 접근금지 방책설치 또는 감시인 배치
2253,적합한 절연용 보호구 착용
2254,전로와 직/간접 접촉 금지
2255,전로차단/전원공급 절차준수
2256,절연용 방호구 설치/해체 시 활선작업용 기구 및 장치 사용
2257,해당전압에 적합한 절연용 방호구 설치(저압인 경우 절연용 보호구만 착용가능)
2258,사용 전 흠/균열/파손/ 기타 손상유무를 확인 시 즉시 조치
2259,"적합한 절연용 보호구 ,절연용 방호구, 활선작업용 기구, 활선작업용 장치 사용"
2260,정기적인 성능확인
2261,점검 및 수리 실시
2262,건널다리 등 설치
2263,안전덮개 등 설치
2264,톱날접촉예방장치 설치
2265,고장유무 확인하여 교체나 수리 실시
2266,작업장 정리정돈 및 청소
2267,전도예방조치(고정)
2268,감전방지용 누전차단기 설치
2269,이중절연구조
2270,방호망이나 절연덮개 설치
2271,폐쇄형 외함 구조
2272,표지판 설치
2274,"전기 기계 · 기구의 금속제 외함, 금속제 외피 및 철대 접지"
2275,방호망이나 절연덮개 설치
2276,폐쇄형 외함 구조
2277,표지판 설치
2278,사용 전 흠/균열/파손/ 기타 손상유무를 확인 시 즉시 조치
2279,"적합한 절연용 보호구 ,절연용 방호구, 활선작업용 기구, 활선작업용 장치 사용"
2280,정기적인 성능확인
2281,습기가 없고 부식의 우려가 없는 장소에 설치
2282,사용 전 흠/균열/파손/ 기타 손상유무를 확인 시 즉시 조치
2283,"적합한 절연용 보호구 ,절연용 방호구, 활선작업용 기구, 활선작업용 장치 사용"
2284,정기적인 성능확인
2285,이중절연구조
2286,"전기 기계 · 기구의 금속제 외함, 금속제 외피 및 철대 접지"
2287,이중절연구조
2288,"전기 기계 · 기구의 금속제 외함, 금속제 외피 및 철대 접지"
2289,이중절연구조
2290,"전기 기계 · 기구의 금속제 외함, 금속제 외피 및 철대 접지"
2291,이중절연구조
2292,"전기 기계 · 기구의 금속제 외함, 금속제 외피 및 철대 접지"
2293,이중절연구조
2294,"전기 기계 · 기구의 금속제 외함, 금속제 외피 및 철대 접지"
2295,방호장치 정비 완료 전까지 해당 기계 및 방호장치 등의 사용 금지
2296,화물 인양시 시운전 실시
2297,"근로자 배치 및 교육, 작업방법, 방호장치 등 미리 확인 후 위험방지 조치"
2298,일정한 신호방법 및 신호자 지정
2299,일정한 신호방법 규정
2300,2줄걸이로 결속하여 수평으로 인양
2301,크레인 해지장치 사용
2302,안전작업수칙 수립 및 교육
2303,"보호구(안전모, 안전대, 안전화, 보안면, 절연용 보호구, 방열복, 방진마스크, 방한모·방한복·방한화·방한장갑) 지급 및 착용"
2304,편하중 적재 금지
2305,화물에 낙하 방지 조치
2306,리프트 각층 출입문은 항상 닫혀진 상태로 관리
2307,방호장치 정비 완료 전까지 해당 기계 및 방호장치 등의 사용 금지
2308,주행로 위에 리프트 운반구 정지 금지
2309,몸을 밖으로 내밀지 않도록 방호 조치 및 교육 실시
2310,전담운전원 배치
2311,안전장치가 부착된 공장 제작용 곤도라 사용
2312,낙하물방지망
2313,방호선반 설치
2314,보호구 착용
2315,출입금지구역 설정
2316,정격하중 등 부착
2317,풀리지 않도록 클립 등으로 견고한 구조물에 체결
2318,안전계수 기준 준수
2319,최대허용하중 등의 표식
2320,곤도라에 수직 구명줄 설치
2321,"보호구(안전모, 안전대, 안전화, 보안면, 절연용 보호구, 방열복, 방진마스크, 방한모·방한복·방한화·방한장갑) 지급 및 착용"
2322,와이어로프 체결은 클립 등으로 3 개소 이상 견고하게 체결
2323,비계 높이가 2m 이상인 작업장소 법적기준에 맞는 작업발판 설치
2324,와이어로프가 드럼에 감길때 안전 거리 유지
2325,일정한 신호방법 규정
2326,와이어로프가 드럼에 감길때 꼬이지 않도록 조절
2327,수시 점검하여 안전성 확인
2328,"윈치 조작 운전원의 사용방법 숙지, 경험정도 파악하여 작업 실시"
2329,경사지에서 작업금지
2330,장갑착용 금지
2331,톱날접촉예방장치 설치
2332,작업장 정리정돈 및 청소
2333,전도예방조치(고정)
2334,감전방지용 누전차단기 설치
2335,이중절연구조
2336,"보호구(안전모, 안전대, 안전화, 보안면, 절연용 보호구, 방열복, 방진마스크, 방한모·방한복·방한화·방한장갑) 지급 및 착용"
2337,"보호구(안전모, 안전대, 안전화, 보안면, 절연용 보호구, 방열복, 방진마스크, 방한모·방한복·방한화·방한장갑) 지급 및 착용"
2338,연삭 숫돌 교체시 전기 차단하고 작업 실시
2339,안전덮개 등 설치
2340,작업도구 등의 목적 외 사용 금지
2341,안전덮개 등 설치
2342,감전방지용 누전차단기 설치
2343,이중절연구조
2344,이중절연구조
2345,"전기 기계 · 기구의 금속제 외함, 금속제 외피 및 철대 접지"
2346,"보호구(안전모, 안전대, 안전화, 보안면, 절연용 보호구, 방열복, 방진마스크, 방한모·방한복·방한화·방한장갑) 지급 및 착용"
2347,"보호구(안전모, 안전대, 안전화, 보안면, 절연용 보호구, 방열복, 방진마스크, 방한모·방한복·방한화·방한장갑) 지급 및 착용"
2348,건널다리 등 설치
2349,안전덮개 등 설치
2350,공기압축기에 의한 자동 못박기 기계기구 사용시 보안경 등 보호구 착용
2351,압력 방출 장치 등 안전 장치 수시 점검으로 이상 유무 확인
2352,공기압축기 압력 조절 밸브 수시점검 압력계의 정상 압력 여부 확인
2353,"보호구(안전모, 안전대, 안전화, 보안면, 절연용 보호구, 방열복, 방진마스크, 방한모·방한복·방한화·방한장갑) 지급 및 착용"
2354,안전지주 또는 안전블록 사용
2355,출입금지구역관리(안전지주 또는 안전블록 사용 시 예외)
2356,견고하고 평탄한 지반에 거치
2357,푸트 스위치에는 보호 커버 설치
2358,절단 작업이 용이하도록 마모된 것은 교체
2359,이중절연구조
2360,"전기 기계 · 기구의 금속제 외함, 금속제 외피 및 철대 접지"
2361,이중절연구조
2362,"전기 기계 · 기구의 금속제 외함, 금속제 외피 및 철대 접지"
2363,"보호구(안전모, 안전대, 안전화, 보안면, 절연용 보호구, 방열복, 방진마스크, 방한모·방한복·방한화·방한장갑) 지급 및 착용"
2364,"발전기는 전도, 낙하 위험이 없는 안전한 장소에 설치"
2365,감전방지용 누전차단기 설치
2366,이중절연구조
2367,이중절연구조
2368,"전기 기계 · 기구의 금속제 외함, 금속제 외피 및 철대 접지"
2369,발전기를 옥외에 설치하여 덮개 등 우수 침투 방지 조치 실시
2370,방호망이나 절연덮개 설치
2371,폐쇄형 외함 구조
2372,표지판 설치
2373,유자격자 작업수행
2374,건널다리 등 설치
2375,안전덮개 등 설치
2376,"궤도나 그밖에 관련 설비의 보수, 점검 작업 시 궤도작업차량 사용시 해당구간 열차운행관계자와 협의"
2377,"사전조사 및 결과 기록, 보존 및 작업계획서 작성 및 작업"
2378,작업계획서 근로자 주지
2379,항타기/항발기 조립/해체/변동/이동 시 작업밥업과 절차 수립 및 근로자 주지
2380,빗물이나 지하수 등 배제
2381,"옹벽, 흙막이 지보공 등 설치"
2382,지보공 설치 및 부석 제거
2383,갓길 붕괴 방지
2384,도로 폭의 유지
2385,유도자 배치
2386,지반의 부동침하 방지
2387,작업장 정리정돈 및 청소
2388,전도예방조치(고정)
2389,이중절연구조
2390,"전기 기계 · 기구의 금속제 외함, 금속제 외피 및 철대 접지"
2391,"보호구(안전모, 안전대, 안전화, 보안면, 절연용 보호구, 방열복, 방진마스크, 방한모·방한복·방한화·방한장갑) 지급 및 착용"
2392,작업장 정리정돈 및 청소
2393,전도예방조치(고정)
2394,작업높이 조절
2395,작업발판 설치
2396,이중절연구조
2397,"전기 기계 · 기구의 금속제 외함, 금속제 외피 및 철대 접지"
2398,접지형으로 사용
2399,전선 충전부 절연조치 철저
2400,피복절연조치 실시
2401,근골격계에 부담을 주지 않도록 조치
2402,"보호구(안전모, 안전대, 안전화, 보안면, 절연용 보호구, 방열복, 방진마스크, 방한모·방한복·방한화·방한장갑) 지급 및 착용"
2403,열풍기 받침대 수평으로 안정되게 설치
2404,접지형 콘센트와 플러그 사용
2405,이중절연구조
2406,"전기 기계 · 기구의 금속제 외함, 금속제 외피 및 철대 접지"
2407,열풍기 사용시 소화기 비치
2408,적절한 온도 · 습도 조절장치 설치
2409,호흡용 보호구 착용
2410,환기 실시
2411,"보호구(안전모, 안전대, 안전화, 보안면, 절연용 보호구, 방열복, 방진마스크, 방한모·방한복·방한화·방한장갑) 지급 및 착용"
2412,"궤도나 그밖에 관련 설비의 보수, 점검 작업 시 궤도작업차량 사용시 해당구간 열차운행관계자와 협의"
2413,"사전조사 및 결과 기록, 보존 및 작업계획서 작성 및 작업"
2414,작업계획서 근로자 주지
2415,항타기/항발기 조립/해체/변동/이동 시 작업밥업과 절차 수립 및 근로자 주지
2416,마대 · 가설대 사용 시 충분한 폭 및 강도와 적당한 경사 확보
2417,발판 사용 시 견고하게 설치
2418,평탄하고 견고한 장소에서 작업
2419,시동키 분리
2420,운전석 잠금장치
2421,"구내운반차, 화물자동차 최대적재량 초과금지"
2422,지게차 허용하중 초과금지
2423,출입금지구역관리(안전지주 또는 안전블록 사용 시 예외)
2424,작업면 조도확보
2425,작업장 정리정돈 및 청소
2426,전도예방조치(고정)
2427,비정상작업에 대한 교육 실시
2428,잠금장치 부착
2429,표지판 설치
2430,마대 · 가설대 사용 시 충분한 폭 및 강도와 적당한 경사 확보
2431,발판 사용 시 견고하게 설치
2432,평탄하고 견고한 장소에서 작업
2433,안전지주 또는 안전블록 사용상황 점검
2434,작업순서 결정 및 지휘
2435,작업지휘자 지정
2436,안전지주 또는 안전블록 사용
2437,작업높이 조절
2438,작업발판 설치
2439,전선 접속 시 전선 절연선능 이상 피복 또는 접속기구 사용
2440,접촉 우려 배선/이동전선 절연피복 손상/노화 방지
2441,감전방지용 누전차단기 설치
2442,누전차단기 작동상태 점검/보수/교환
2443,누전차단기 접속사항 준수
2444,"이준절연구조, 감전위험이 없는 장소(절연대) 작업, 비접지방식의 전로"
2445,"작업시작 전 접지선 연결, 접속부 상태 점검"
2446,국소배기장치 설치
2447,발산원 밀폐설비 설치
2449,하역운반기계·운반용구 사용
2450,작업면 조도확보
2451,작업장 정리정돈 및 청소
2452,전도예방조치(고정)
2453,마대 · 가설대 사용 시 충분한 폭 및 강도와 적당한 경사 확보
2454,발판 사용 시 견고하게 설치
2455,평탄하고 견고한 장소에서 작업
2456,최대적재량 초과 금지
2457,"편하중 없이 적재, 구내운반차/화물자동차 낙하/붕괴방지 로프 사용, 시야확보"
2458,출입금지구역관리(안전지주 또는 안전블록 사용 시 예외)
2459,"구내운반차, 화물자동차 최대적재량 초과금지"
2460,지게차 허용하중 초과금지
2461,리프트 운반구 탑승 제한
2462,컨베이어 탑승 제한
2463,크레인 탑승 제한
2464,화물자동차 적재함 탑승 제한
